k4mutekomtrdbux,50
k4mutekomtrdbux,74
4lox1hdysyvfv30,33
4lox1hdysyvfv30,50
4lox1hdysyvfv30,43
0sdnyl7h86atoyt,30
0sdnyl7h86atoyt,43
e05xep7nc3kzawj,57
e05xep7nc3kzawj,13
5cuf8ahvxvm2587,33
5cuf8ahvxvm2587,43
kjketdv4sqxxuky,28
kjketdv4sqxxuky,57
kjketdv4sqxxuky,33
hzgtnf6tbvfekfv,31
hzgtnf6tbvfekfv,34
hzgtnf6tbvfekfv,60
j18xzp93h4c1ofn,50
j18xzp93h4c1ofn,74
j18xzp93h4c1ofn,43
wd7wvlekmeknnr6,33
wd7wvlekmeknnr6,43
m441e3rjq9kwpsc,50
m441e3rjq9kwpsc,33
m441e3rjq9kwpsc,13
atk62w0bq58dnq9,50
atk62w0bq58dnq9,33
gesxqiorblxn117,30
gesxqiorblxn117,50
gesxqiorblxn117,74
1lcp2pf46ms2r3o,30
1lcp2pf46ms2r3o,35
1lcp2pf46ms2r3o,74
t3r079jy8xze9cv,74
t3r079jy8xze9cv,34
t3r079jy8xze9cv,43
rm3tmmat4li8uul,13
rm3tmmat4li8uul,43
rm3tmmat4li8uul,50
53q0eh78q97e4d1,31
53q0eh78q97e4d1,34
53q0eh78q97e4d1,60
nug3wu4a6zvwy8s,60
nug3wu4a6zvwy8s,33
8j37ljw0f8hy6ha,50
8j37ljw0f8hy6ha,33
8j37ljw0f8hy6ha,74
dvev3kvdkwlppob,33
dvev3kvdkwlppob,50
w6ra1s1f8j69icf,13
w6ra1s1f8j69icf,57
w6ra1s1f8j69icf,74
w6ra1s1f8j69icf,31
jaqpncskrgv28oo,57
3enwc74hj562xjd,33
3enwc74hj562xjd,13
3enwc74hj562xjd,35
3enwc74hj562xjd,71
p0pcfbdk318ry3m,57
p0pcfbdk318ry3m,35
p0pcfbdk318ry3m,33
ipm2meuu857sw3e,35
ipm2meuu857sw3e,60
jxxabtu47qmb1pe,57
jxxabtu47qmb1pe,13
thhytja0ukfksy1,60
thhytja0ukfksy1,33
486f7vrwfxzb9b5,35
486f7vrwfxzb9b5,60
w1ppt1vtbxcilgv,35
w1ppt1vtbxcilgv,60
drcfmhwegbylndo,33
drcfmhwegbylndo,60
drcfmhwegbylndo,53
qjoizo0oirx43ja,31
qjoizo0oirx43ja,34
qjoizo0oirx43ja,60
xvlhj7cglyfwx8x,74
xvlhj7cglyfwx8x,33
xvlhj7cglyfwx8x,50
hlo45ourdy4rh3t,59
hlo45ourdy4rh3t,33
ipmc5u3dwb48mv2,74
ipmc5u3dwb48mv2,43
ipmc5u3dwb48mv2,50
cfrygt95a6j2vor,33
cfrygt95a6j2vor,53
cfrygt95a6j2vor,60
ttqxo9s3cblgofl,59
4hnh3ljs65jirc8,30
jcu9az86kp7ml5t,33
jcu9az86kp7ml5t,35
68msmq3ysfc6txk,28
68msmq3ysfc6txk,15
68msmq3ysfc6txk,30
68msmq3ysfc6txk,33
euxyl0uj8seyeo7,33
euxyl0uj8seyeo7,53
euxyl0uj8seyeo7,60
amor962hf2nmc2b,35
9jh7p3r7ljkxkmc,35
kb68t18k7mu5a2b,31
kb68t18k7mu5a2b,33
ctfk6qw188z0kcw,50
ctfk6qw188z0kcw,33
ctfk6qw188z0kcw,74
fqtckz7db8g3rtp,33
k56xc7feh9s5o3d,34
k56xc7feh9s5o3d,13
0vjw392pdevdan3,13
0vjw392pdevdan3,33
0vjw392pdevdan3,35
0vjw392pdevdan3,71
u8rljkriw7yeorg,71
u8rljkriw7yeorg,31
yl6lapwmmx5ivew,13
yl6lapwmmx5ivew,33
yl6lapwmmx5ivew,50
o638xbha5jz73ya,33
o638xbha5jz73ya,35
o638xbha5jz73ya,71
gs32jnnvvx42mb3,35
gs32jnnvvx42mb3,50
gs32jnnvvx42mb3,30
bo64ctd5rtyc2fi,35
bo64ctd5rtyc2fi,50
oy6iv6yn25ybumj,35
ioxe3qstr0en0pa,13
v18x0bara3c1msb,35
v18x0bara3c1msb,50
v18x0bara3c1msb,43
is4pej8ivzsuczh,33
is4pej8ivzsuczh,53
is4pej8ivzsuczh,60
u0oluhum5doxku8,35
u0oluhum5doxku8,60
cy0ashlbepkdwbn,35
cy0ashlbepkdwbn,50
cy0ashlbepkdwbn,43
cvrmbhrlofhpt6f,31
cvrmbhrlofhpt6f,33
74gvr40k9u0b63g,35
74gvr40k9u0b63g,57
74gvr40k9u0b63g,60
vm3usmzs1wa5yo3,35
vm3usmzs1wa5yo3,43
vm3usmzs1wa5yo3,33
o85sk7hqhbw3g9n,35
o85sk7hqhbw3g9n,43
o85sk7hqhbw3g9n,33
mw04ctse4gj4syj,30
coawy9vjecqxe3d,35
coawy9vjecqxe3d,43
coawy9vjecqxe3d,33
bgf0avtujy3yciw,33
bgf0avtujy3yciw,71
or44p6tzgctvdml,59
or44p6tzgctvdml,60
2iqrhqekbtgwp1s,33
2iqrhqekbtgwp1s,13
2iqrhqekbtgwp1s,71
2iqrhqekbtgwp1s,60
b81pk0fj2oz956f,50
b81pk0fj2oz956f,30
ks0mtzznlzca9cq,53
ks0mtzznlzca9cq,60
ks0mtzznlzca9cq,33
eysky7xhhl4tntc,33
eysky7xhhl4tntc,53
eysky7xhhl4tntc,60
cw8t6plzxbs9vct,35
jru4jixrll5us91,33
jru4jixrll5us91,53
jru4jixrll5us91,57
hn3txmq5g47anwi,33
hn3txmq5g47anwi,53
hn3txmq5g47anwi,60
v9ketktkbs96fj4,60
v9ketktkbs96fj4,33
jj5g7kq9ha6nbka,35
jj5g7kq9ha6nbka,23
wtsrsra8jj6qtuw,71
wtsrsra8jj6qtuw,33
wtsrsra8jj6qtuw,74
71n3slvqbec7z30,35
71n3slvqbec7z30,43
71n3slvqbec7z30,33
8rbtcil5a2heb7d,13
8rbtcil5a2heb7d,33
p5yfnziow4uwunf,13
p5yfnziow4uwunf,30
i332aujp4qfp9cv,35
i332aujp4qfp9cv,44
ybzu3heuenorljz,35
ybzu3heuenorljz,50
qdy0veos88racmo,33
qdy0veos88racmo,53
qdy0veos88racmo,60
qwzpd184if155sa,35
qwzpd184if155sa,60
5seimij3v9kms9y,33
5seimij3v9kms9y,35
5seimij3v9kms9y,71
nsgczu8u2kvpe9e,35
nsgczu8u2kvpe9e,60
bu8qr3h1vbia2kd,31
bu8qr3h1vbia2kd,34
bu8qr3h1vbia2kd,60
0f12m8pg4q5quqy,13
0f12m8pg4q5quqy,35
0f12m8pg4q5quqy,74
hvzgstf2hv9x2mi,50
hvzgstf2hv9x2mi,33
xr3wcifqf4c3ghv,35
xr3wcifqf4c3ghv,60
o9b10rhvd7y5i9h,30
o9b10rhvd7y5i9h,35
o9b10rhvd7y5i9h,50
tyeqdw6rof7t5ow,13
tyeqdw6rof7t5ow,33
tyeqdw6rof7t5ow,71
akjksf0ts6uohyw,33
akjksf0ts6uohyw,53
akjksf0ts6uohyw,60
gj7e6m7hz2edo85,60
nuaoeq5083dc8q9,13
nuaoeq5083dc8q9,44
nuaoeq5083dc8q9,71
r6iebo6c8kh6gd4,33
r6iebo6c8kh6gd4,53
r6iebo6c8kh6gd4,60
wk85h1a859a8350,35
wk85h1a859a8350,44
vc60va0h2735sfv,50
l2o6sttk9we22v6,30
ba4ddm9cwxntw3a,35
ba4ddm9cwxntw3a,57
ba4ddm9cwxntw3a,60
ew5kos9k2ox5huz,30
ew5kos9k2ox5huz,43
hibacbz0801byjb,33
hibacbz0801byjb,35
hibacbz0801byjb,71
dl1er4929x4jr2d,74
dl1er4929x4jr2d,33
dl1er4929x4jr2d,71
ylpmpvohuc46ewc,30
ylpmpvohuc46ewc,35
urhdc3oflg2qntw,33
urhdc3oflg2qntw,53
urhdc3oflg2qntw,60
jkuu8jwsei6lv7u,35
vjiuhcokx7v28sf,31
vjiuhcokx7v28sf,35
vjiuhcokx7v28sf,15
4wq0y3lws5njpot,35
4wq0y3lws5njpot,44
rem0wlp2m6mrbjl,43
rem0wlp2m6mrbjl,50
rvyijr1mt3r4q6a,59
rvyijr1mt3r4q6a,60
lfvcim7rjkxboa2,33
lfvcim7rjkxboa2,53
lfvcim7rjkxboa2,60
jxj5pth9h3a71sg,35
jxj5pth9h3a71sg,57
jxj5pth9h3a71sg,60
91mixwk3gw2zct6,35
2jje4zejg4yci94,33
yowztxadodw34j2,13
yowztxadodw34j2,50
yowztxadodw34j2,28
hksgrdt3mx3oqsb,35
v35kta5in8twfol,35
v35kta5in8twfol,43
v35kta5in8twfol,33
dy1i7v05ekkom7x,33
dy1i7v05ekkom7x,34
2xslevs0grk9vy0,13
2xslevs0grk9vy0,50
2xslevs0grk9vy0,33
9yfjl0rjm0l5tys,13
9yfjl0rjm0l5tys,33
9yfjl0rjm0l5tys,71
7dcy7g8n0asun78,33
7dcy7g8n0asun78,60
7dcy7g8n0asun78,53
sqgjvi4onjr12jc,60
sqgjvi4onjr12jc,35
sqgjvi4onjr12jc,44
yu59anr8ocbuk1f,30
yu59anr8ocbuk1f,44
gvz5bapszkkjbw8,57
gvz5bapszkkjbw8,33
7c9fn2twcli73uz,13
7c9fn2twcli73uz,44
7c9fn2twcli73uz,71
hkpvlyfjca2v1rn,13
hkpvlyfjca2v1rn,33
hkpvlyfjca2v1rn,50
enddu63r2aa01la,30
enddu63r2aa01la,33
wisrv2k3900j7ru,13
wisrv2k3900j7ru,33
wisrv2k3900j7ru,43
czfm0sunwkv4bp6,33
czfm0sunwkv4bp6,43
czfm0sunwkv4bp6,71
erk1jbbt4vzbmiq,33
erk1jbbt4vzbmiq,53
erk1jbbt4vzbmiq,60
eq93g2xx0spgav6,35
4x0mzt1od6n8o91,35
6x0u5d1a30t9jw9,13
6x0u5d1a30t9jw9,33
6x0u5d1a30t9jw9,43
h86ww1mrmovkggb,33
h86ww1mrmovkggb,71
j3xfpg2z16gkq9f,60
g6da8tj74x97ebk,44
y96malg2m60eznp,33
y96malg2m60eznp,43
y96malg2m60eznp,71
1velzvrkiyetht3,33
1velzvrkiyetht3,43
1velzvrkiyetht3,71
9p15mebx5gn4pz4,35
9p15mebx5gn4pz4,57
9p15mebx5gn4pz4,60
zazxegf2svyt43i,33
zazxegf2svyt43i,53
zazxegf2svyt43i,60
i5bz6bqe7vu8yj6,35
ulvcbmiwibeg2un,33
ulvcbmiwibeg2un,35
ulvcbmiwibeg2un,71
wplx79f0v0dlop3,28
wplx79f0v0dlop3,71
6djjzwtxh7u3kw2,33
7rbeh1fevklt3d7,33
7rbeh1fevklt3d7,53
7rbeh1fevklt3d7,57
7jzjwwtpqo2hilu,59
7jzjwwtpqo2hilu,28
7jzjwwtpqo2hilu,60
d455f0cu0wnhxlk,60
d455f0cu0wnhxlk,33
d455f0cu0wnhxlk,53
rw3woe9yg0k7aka,34
rw3woe9yg0k7aka,13
elmrv4ct45rzubg,53
elmrv4ct45rzubg,57
fwanh4as2l0l8wy,13
fwanh4as2l0l8wy,33
fwanh4as2l0l8wy,50
5wg77t6vu3utemv,31
5wg77t6vu3utemv,34
5wg77t6vu3utemv,60
keh8jx4nea7e5w0,33
keh8jx4nea7e5w0,71
ndd165x9imhawbd,30
rae6lvs17hj1ueu,35
cpjdpk4omxy5hw2,13
cpjdpk4omxy5hw2,43
cpjdpk4omxy5hw2,50
pz3dfed6uxwj6gt,33
pz3dfed6uxwj6gt,53
pz3dfed6uxwj6gt,60
5d9f63kl5qxru2r,35
5tbi0vej2cqtofj,33
s8qkodqhfvkfevv,35
s8qkodqhfvkfevv,60
4lz3b5jl9iaf2hm,30
v5ddvdwtrij8mif,33
v5ddvdwtrij8mif,53
v5ddvdwtrij8mif,60
eyuyhrrvbhvhs7d,50
eyuyhrrvbhvhs7d,33
eyuyhrrvbhvhs7d,74
225pc9y4ogg0pqq,57
225pc9y4ogg0pqq,33
furmqbqigqw82wn,59
qkqu2uoheupjd48,13
qkqu2uoheupjd48,33
b8fk4b20u2dcqqo,28
b8fk4b20u2dcqqo,57
b8fk4b20u2dcqqo,60
wubbtd9w60ht3kn,13
ygci7rbfq3celp8,35
ygci7rbfq3celp8,44
ij4yjidgfnw346d,44
r81yp0uqhvanqui,35
9fan764zm5pe3m8,13
9fan764zm5pe3m8,34
co1rct64uxcugab,13
co1rct64uxcugab,59
lsyk1y2j27fhs9h,13
lsyk1y2j27fhs9h,33
hv5p9xbmjmd9ozf,28
hv5p9xbmjmd9ozf,53
hv5p9xbmjmd9ozf,57
hv5p9xbmjmd9ozf,15
hv5p9xbmjmd9ozf,13
izsh50sm4ysz5j5,33
izsh50sm4ysz5j5,57
cu4q15d3rzebjgn,33
cu4q15d3rzebjgn,53
cu4q15d3rzebjgn,57
8wyp15ocnmpevc5,13
8wyp15ocnmpevc5,57
mlznjh2q4mo4m75,43
mlznjh2q4mo4m75,50
gt1ctspydc4818m,19
gt1ctspydc4818m,35
1fvt4egktj69w8x,30
1fvt4egktj69w8x,35
ebl0msiamhqaiso,30
ebl0msiamhqaiso,35
rzuinvatj34ekz7,44
rzuinvatj34ekz7,13
rzuinvatj34ekz7,71
k9dosmwksj3thm8,33
k9dosmwksj3thm8,53
k9dosmwksj3thm8,60
ax6cm81c0gcsqs2,7
ax6cm81c0gcsqs2,11
ax6cm81c0gcsqs2,10
ax6cm81c0gcsqs2,27
ax6cm81c0gcsqs2,60
v8ayr5r3acbx5do,53
v8ayr5r3acbx5do,60
v8ayr5r3acbx5do,33
1o8668wwvuazqu5,33
1o8668wwvuazqu5,43
1o8668wwvuazqu5,71
o3nr7qlmsw9dh6n,35
o3nr7qlmsw9dh6n,60
50qamlnlgnd45xw,35
50qamlnlgnd45xw,57
50qamlnlgnd45xw,60
maa2g8kqchabbgl,30
maa2g8kqchabbgl,35
c5j3rggftlgseti,31
c5j3rggftlgseti,35
c5j3rggftlgseti,57
fm95ukbvs36ejzw,33
fm95ukbvs36ejzw,34
uap08x2gnutv4x7,35
uap08x2gnutv4x7,50
y4g7p8eka7bshz3,33
y4g7p8eka7bshz3,57
y4g7p8eka7bshz3,35
3o8pqfpav7jcc9q,33
3o8pqfpav7jcc9q,53
3o8pqfpav7jcc9q,60
eamf0x9gx767bo4,35
eamf0x9gx767bo4,57
eamf0x9gx767bo4,60
3llbhhwzykl7in7,30
3llbhhwzykl7in7,44
ulphesb6n048oo3,74
ulphesb6n048oo3,33
ulphesb6n048oo3,50
ooh1egwqgup2dxi,33
ooh1egwqgup2dxi,53
ooh1egwqgup2dxi,57
cl3u7nbwdkrja6d,13
cl3u7nbwdkrja6d,43
oas9r9nf1vsj4zd,59
oas9r9nf1vsj4zd,60
tjcnpm8ju18qojf,13
tjcnpm8ju18qojf,33
j6ab0ww25cwv14f,33
j6ab0ww25cwv14f,43
z5c4gxzpb8o7io2,30
z5c4gxzpb8o7io2,5
qyv0vjlecru4x8k,35
qyv0vjlecru4x8k,57
qyv0vjlecru4x8k,33
j7541gsxsdzu0wu,35
j7541gsxsdzu0wu,13
j7541gsxsdzu0wu,33
s81fq84xftn50r2,35
r86skg6lce8v2aj,35
tyovi8htc1w5e4u,35
tyovi8htc1w5e4u,57
tyovi8htc1w5e4u,33
vj4pvtejerml1my,33
vj4pvtejerml1my,60
kcw8w4d96xr4ny5,33
kcw8w4d96xr4ny5,43
kcw8w4d96xr4ny5,71
03eevk900lh0lpw,30
03eevk900lh0lpw,53
72g4vwb42f558pu,43
72g4vwb42f558pu,50
xlvp58zd0o8441x,30
xlvp58zd0o8441x,35
coftfal1pyf9581,74
coftfal1pyf9581,30
coftfal1pyf9581,53
tq0r9bhhkhlmxyd,35
rbcehvmxm5tozs6,13
rbcehvmxm5tozs6,50
qsghk797xzocflo,57
qsghk797xzocflo,33
qsghk797xzocflo,53
qsghk797xzocflo,60
gyf3u5vx0m42531,13
gyf3u5vx0m42531,44
gyf3u5vx0m42531,71
xiijm0os2zcnel2,13
xiijm0os2zcnel2,44
xiijm0os2zcnel2,71
kbckng64bne9fzq,35
fv5yce1z791diy3,35
fv5yce1z791diy3,57
fv5yce1z791diy3,60
jas91paoinnd80j,33
jas91paoinnd80j,53
jas91paoinnd80j,60
odl9syhuo2df0k4,30
odl9syhuo2df0k4,53
f7yzuf5tknt7cii,13
f7yzuf5tknt7cii,43
f7yzuf5tknt7cii,50
3th0scjmjz8bz8i,59
9u9pl7dbnoclzhd,13
9u9pl7dbnoclzhd,44
9u9pl7dbnoclzhd,71
r5a970dy4d7boqj,31
r5a970dy4d7boqj,35
r5a970dy4d7boqj,57
bymafsjpccgo4bw,35
bymafsjpccgo4bw,60
db4pt2rnwc7cd5o,35
yah2ptjihstav3f,35
yah2ptjihstav3f,57
yah2ptjihstav3f,33
aan1um3pt3nue20,71
ciw1zkqfr3cjfv7,35
ciw1zkqfr3cjfv7,57
ciw1zkqfr3cjfv7,60
cr7os3gcvszvaqe,35
cr7os3gcvszvaqe,13
cr7os3gcvszvaqe,30
ythwait80iq2294,31
ythwait80iq2294,34
ythwait80iq2294,60
kg45vw37ljteitd,13
u0m729agauuf7qg,35
ix13d7onzxhckoc,30
sy8pw3grf4wt4w6,33
sy8pw3grf4wt4w6,53
sy8pw3grf4wt4w6,60
0vfp1dj8k9grjaq,13
0vfp1dj8k9grjaq,43
0vfp1dj8k9grjaq,50
f7zblmkldorv3v7,59
53x6bbyb07ebl3s,59
wdp6c3tyxfha0l8,57
43vdbjb23zy3s0f,60
43vdbjb23zy3s0f,35
43vdbjb23zy3s0f,44
30m0u3k41os7s5d,13
30m0u3k41os7s5d,44
30m0u3k41os7s5d,71
qpwnnbeqndvn63x,35
gb3gon7a9zzxy8l,43
gb3gon7a9zzxy8l,33
yyymlllcpion441,31
yyymlllcpion441,71
yyymlllcpion441,13
xhl0eakra0zte3t,35
xhl0eakra0zte3t,60
xhl0eakra0zte3t,44
het3cyf3prv5jdj,60
het3cyf3prv5jdj,33
mvnje4537ier4zx,35
mvnje4537ier4zx,44
tz4i07kmn06lbp5,33
tz4i07kmn06lbp5,53
tz4i07kmn06lbp5,60
j7rhyrkajgw3w97,57
j7rhyrkajgw3w97,33
x9oa8s8k3v6g8xm,59
ozaoxf82wa4w575,35
ozaoxf82wa4w575,57
ozaoxf82wa4w575,60
9h8zffgfe0sa44g,60
9h8zffgfe0sa44g,71
p3jz7rr8fqpy1lk,13
p3jz7rr8fqpy1lk,33
2hndczgdvkpzff5,30
jrv6bdlps19hjso,44
qh4142yzut75cd0,33
qh4142yzut75cd0,71
sms5fc2d5ugbkef,35
sms5fc2d5ugbkef,13
sms5fc2d5ugbkef,33
bqjqhd2ym6slani,30
bqjqhd2ym6slani,44
q9sh9ergivpd3ou,35
q9sh9ergivpd3ou,71
q9sh9ergivpd3ou,30
z3dd33buu2dl63x,28
z3dd33buu2dl63x,57
z3dd33buu2dl63x,74
z3dd33buu2dl63x,15
z3dd33buu2dl63x,53
vk8vayo2bigb2tu,13
vk8vayo2bigb2tu,57
6h94b839shtduv8,35
6h94b839shtduv8,57
6h94b839shtduv8,33
w1vk51ix1nuigkz,53
w1vk51ix1nuigkz,33
w1vk51ix1nuigkz,60
ns60g65f45zft7w,33
ns60g65f45zft7w,35
g1l5z0cndggpfja,15
g1l5z0cndggpfja,59
pxcpyw761v1ev03,59
pxcpyw761v1ev03,60
h9skogvga4zqpgm,35
h9skogvga4zqpgm,60
z8alyhrvkd3jp2y,35
z8alyhrvkd3jp2y,57
z8alyhrvkd3jp2y,60
fiduo27kl7cfubk,13
fiduo27kl7cfubk,43
lp12smkgtmjaa00,35
lp12smkgtmjaa00,57
lp12smkgtmjaa00,33
h9kdxj6n9oubsb7,33
h9kdxj6n9oubsb7,57
gj2ffreln67nwxg,33
gj2ffreln67nwxg,74
7ae7ryh30iv3gpm,33
7ae7ryh30iv3gpm,35
7ae7ryh30iv3gpm,71
avn5iwsk9su3j7f,13
avn5iwsk9su3j7f,53
avn5iwsk9su3j7f,33
qh49dwkewslhojg,13
qh49dwkewslhojg,50
i79i271vgd90q6b,35
9ib07704jd0chh5,34
9ib07704jd0chh5,13
l8k80i7evkqjq0e,30
l8k80i7evkqjq0e,44
eb4xj8warq8195e,44
3ln360kl0g65ppf,33
3ln360kl0g65ppf,35
d4vm770mtld2jr5,35
ejr0xfirssdm33y,33
ejr0xfirssdm33y,35
ejr0xfirssdm33y,71
2ffojof65qn9grr,30
42ccf73x27mdank,28
42ccf73x27mdank,57
42ccf73x27mdank,60
prai6bqevalg0rd,13
prai6bqevalg0rd,43
prai6bqevalg0rd,50
pu4yons82c5sum3,35
gu5m5d0ccelhqw9,57
d02r7pikf9ufapo,31
qbgr064homz0qeq,50
qbgr064homz0qeq,33
qbgr064homz0qeq,74
a3hsg6804j4xixp,59
a3hsg6804j4xixp,60
ml8s4r74q2ah0wf,30
4t1cpyoas0ka3yp,74
4t1cpyoas0ka3yp,33
4t1cpyoas0ka3yp,50
s8m2i4jpyzko3wx,13
s8m2i4jpyzko3wx,30
92457cgkz2xrq4b,33
92457cgkz2xrq4b,57
3qmzjdpg9w2sd26,30
3qmzjdpg9w2sd26,43
ndmsa7ye60kridn,35
ndmsa7ye60kridn,60
ndmsa7ye60kridn,9
f6za0go0jf6fzrm,13
dpt5upkwracam0j,13
m27fudisr66cjxe,59
bvqvs5gsby5rxdd,35
bvqvs5gsby5rxdd,59
hjhlqiu9lx790tw,50
hjhlqiu9lx790tw,33
z7ffj24uu6k5bw5,13
z7ffj24uu6k5bw5,33
z7ffj24uu6k5bw5,43
o3ujve87s5wfxj1,13
o3ujve87s5wfxj1,33
o3ujve87s5wfxj1,31
shaqr883fvr6qqw,30
shaqr883fvr6qqw,35
gjbzn2pjecke68p,33
gjbzn2pjecke68p,53
gjbzn2pjecke68p,60
b593czd5d3sj340,33
b593czd5d3sj340,60
1f1gzzkyhi264mg,33
327hv9tpkytspj1,13
327hv9tpkytspj1,33
ux693onqc07q98h,13
ux693onqc07q98h,33
hk3y7ix87i6m77g,13
hk3y7ix87i6m77g,30
hk3y7ix87i6m77g,71
4h2fv8pu7lmkmp2,35
4h2fv8pu7lmkmp2,57
4h2fv8pu7lmkmp2,60
o97ozrzgl0ersch,13
o97ozrzgl0ersch,33
o97ozrzgl0ersch,43
gk022eq49si7rtm,57
7dm2jih33h6mcfs,35
7dm2jih33h6mcfs,13
sqxrdr065rww1hi,35
sqxrdr065rww1hi,43
sqxrdr065rww1hi,33
jgmpmcwcpou8e0v,35
jgmpmcwcpou8e0v,60
nielbekfodfg2qy,35
nielbekfodfg2qy,13
nielbekfodfg2qy,33
ue13m6w8r35v9lo,35
ue13m6w8r35v9lo,5
mwkudddg2jbg1hr,33
mwkudddg2jbg1hr,53
mwkudddg2jbg1hr,60
j1xkd2ntloqir3z,33
j1xkd2ntloqir3z,71
vdno40uxgrecfdh,30
7ke6skq17in0vc6,35
7ke6skq17in0vc6,44
m7599wi5o44s5xt,60
m7599wi5o44s5xt,71
g9bv0pqsa2sr71o,33
g9bv0pqsa2sr71o,71
j32mnz3uqykd2t2,35
dzukeudp58lsnnc,33
dzukeudp58lsnnc,35
hpxk7hpq715lw3o,33
hpxk7hpq715lw3o,35
plnzrinrw3t18n0,13
atl1yl88fpo54p6,44
t12zwvagvgz1r9q,35
l3u5s9mgpn7we0g,35
l3u5s9mgpn7we0g,57
l3u5s9mgpn7we0g,33
e57sd2czup3fw7v,59
e57sd2czup3fw7v,60
wo62ar1zq7089wn,30
apgvhkha7umincv,30
apgvhkha7umincv,35
1wo8nqtcxiywyt0,13
1wo8nqtcxiywyt0,71
vnnvzp4yahdeymi,35
vnnvzp4yahdeymi,60
2m6bqk3a57pzk1r,13
2m6bqk3a57pzk1r,44
2m6bqk3a57pzk1r,71
mvw3lh54pdj7mg7,35
mvw3lh54pdj7mg7,33
mvw3lh54pdj7mg7,57
mvw3lh54pdj7mg7,23
fh9qxmu1x4631aj,44
fh9qxmu1x4631aj,5
2hyfmmcfu39c6mh,35
vyggt7o2cz16bsa,57
63adbk69lzvrau6,33
63adbk69lzvrau6,35
wussyc1mi5f6fkx,30
wussyc1mi5f6fkx,43
wussyc1mi5f6fkx,60
5m9fbexlg1ajp6j,13
5m9fbexlg1ajp6j,31
5m9fbexlg1ajp6j,34
vf6bctx3em6pzxy,57
vf6bctx3em6pzxy,13
vf6bctx3em6pzxy,33
qrerfaf3wjgrj1w,57
qrerfaf3wjgrj1w,33
xk9j6a00x1qh2tu,34
xk9j6a00x1qh2tu,13
j034ol3oyjdwt80,33
j034ol3oyjdwt80,71
el3as30vkbcwepb,35
g8rdacm0jxjkrqo,35
oaz1s5vw69fjy59,33
oaz1s5vw69fjy59,35
aw007evwzpusl01,31
aw007evwzpusl01,33
sw6t96lkgzgbkt0,33
sw6t96lkgzgbkt0,71
ozvao2u23k1nf9o,35
ozvao2u23k1nf9o,13
ozvao2u23k1nf9o,33
ozvao2u23k1nf9o,71
gdhszehsw2kocx7,31
gdhszehsw2kocx7,57
gdhszehsw2kocx7,13
my8duhk203ia3wl,57
my8duhk203ia3wl,13
my8duhk203ia3wl,33
uwo4jcoa5w8o49e,35
qzmn289abuigokp,30
qzmn289abuigokp,43
8zqxpweplr00sj6,35
8zqxpweplr00sj6,60
8zqxpweplr00sj6,9
xpp70x2j76gpb31,35
xpp70x2j76gpb31,71
xpp70x2j76gpb31,30
6v4gdmsxw4o6rx3,13
ccqcpxt90o1ykxn,30
ccqcpxt90o1ykxn,60
ckv2zpb5qpn8csn,35
ckv2zpb5qpn8csn,13
ckv2zpb5qpn8csn,33
nl5st15v1thkrgy,33
nl5st15v1thkrgy,71
mdt67i6ico3cz5w,31
w8uh3k71nnxs79a,35
qmulahpnicuqzg1,18
qmulahpnicuqzg1,28
qmulahpnicuqzg1,50
isiz4xzgpr2tvj2,13
isiz4xzgpr2tvj2,57
acfk5vfysdwag2u,59
7r83y1oca851nq6,35
7r83y1oca851nq6,44
fhvqqvva54yc3mz,35
i8l5gwchd85j32b,18
i8l5gwchd85j32b,28
i8l5gwchd85j32b,59
t9s2ua9s3ukf27o,13
t9s2ua9s3ukf27o,33
t9s2ua9s3ukf27o,43
lqjo9bn9jxq2qsj,35
lqjo9bn9jxq2qsj,60
lqjo9bn9jxq2qsj,9
44x15nonr38a3af,44
g45oolfndk1iuh5,31
g45oolfndk1iuh5,57
45gt081jkx8xv1n,31
45gt081jkx8xv1n,33
45gt081jkx8xv1n,34
h6ve1mfenzo3v0f,35
h6ve1mfenzo3v0f,57
lbq0b2nda7wdzk3,35
gqot4covrzgxrme,35
i2ekqi3whsoatco,33
i2ekqi3whsoatco,35
1paeg9n4o8vvpsp,35
1paeg9n4o8vvpsp,44
0xjh952pdy9p274,33
0xjh952pdy9p274,35
nq9eg84cyrges4e,33
nq9eg84cyrges4e,71
zb9kc4rtijwlcja,13
yfn3bjrmshbtski,59
yfn3bjrmshbtski,60
0873fn0rjv7kw3x,35
0873fn0rjv7kw3x,13
0873fn0rjv7kw3x,33
jsiy1c163oslvjb,35
jsiy1c163oslvjb,59
jsiy1c163oslvjb,30
fp4t8k9vpttdyg2,35
ux1zxzyx1adiatf,18
ux1zxzyx1adiatf,12
kl2zy755pnehxi3,13
kl2zy755pnehxi3,71
t710vixq6z8xnfe,33
wr90j7rgk4o89zj,44
kgtuchryutevy7d,35
kgtuchryutevy7d,60
kgtuchryutevy7d,13
s63l5zw1uxxb2q9,30
s63l5zw1uxxb2q9,71
w5vg5k5rwmlkab9,59
w5vg5k5rwmlkab9,60
gh1z6qp1pcgh6ve,35
gh1z6qp1pcgh6ve,60
t8nh7xzvhm3o9mn,33
t8nh7xzvhm3o9mn,35
q4a6ajv7jrskd09,74
q4a6ajv7jrskd09,35
q4a6ajv7jrskd09,59
27xlyuggmbgs294,59
27xlyuggmbgs294,60
5u8wk4o4dfeja4z,71
zgi40gqg05wouh9,57
zgi40gqg05wouh9,60
zgi40gqg05wouh9,13
wuwte7y29dy1h22,35
a3xvy009de4vael,34
vagq5bv9jy3avyv,33
vagq5bv9jy3avyv,71
jouk3zs06zpvsx1,33
jouk3zs06zpvsx1,71
ew76clyx8agqpoi,44
zo7p8ltcs2wvjf0,35
zo7p8ltcs2wvjf0,60
zo7p8ltcs2wvjf0,9
4r69n2xb3qb6lo2,30
4r69n2xb3qb6lo2,44
k6d2ovf4jl79n58,30
k6d2ovf4jl79n58,33
k6d2ovf4jl79n58,60
o2fm6biw90g8tbv,35
o2fm6biw90g8tbv,44
pk87sfhwvxamsxd,30
pk87sfhwvxamsxd,71
vz8y7j4uw08koha,57
vz8y7j4uw08koha,13
yats5l1fajzpirz,33
rmiw6i485qyp4il,44
rmiw6i485qyp4il,13
rmiw6i485qyp4il,71
4tnqzbtvzb87mmo,35
4tnqzbtvzb87mmo,60
r1ullkrc5qzp4s3,35
6wuilrnpzcecxg5,13
6wuilrnpzcecxg5,44
6wuilrnpzcecxg5,71
0zw2sjvg33qhyob,19
0zw2sjvg33qhyob,35
mrwx030nvm985td,13
xzynj6votnofk3y,43
xzynj6votnofk3y,50
c6rjadw9uckvx8r,35
c6rjadw9uckvx8r,71
k6ox2oiuvwfrt9x,35
6q1vdq7wr9gm3fq,35
wh1zq5rg9vlbuk0,35
o4hjctfgcs19u4d,34
o4hjctfgcs19u4d,31
o4hjctfgcs19u4d,57
tgnad37do7x0dd5,30
knvmsc7suct7q0l,35
knvmsc7suct7q0l,44
6b6yre1iixeu1n7,33
6b6yre1iixeu1n7,60
6b6yre1iixeu1n7,53
foh533f516he6r1,31
450jwb67l1hzktf,30
jodsh3q8h6lulgl,13
jodsh3q8h6lulgl,33
jodsh3q8h6lulgl,30
ltwi6ohyw2id66s,35
ltwi6ohyw2id66s,13
01c2icrv59gbkkt,30
01c2icrv59gbkkt,35
1enttfzpd55adpm,57
1enttfzpd55adpm,15
1enttfzpd55adpm,33
b76z5kk804bkets,30
b76z5kk804bkets,35
h4bim2rogqla486,57
h4bim2rogqla486,13
h4bim2rogqla486,33
lm4cpzurvwvh101,13
lm4cpzurvwvh101,53
lm4cpzurvwvh101,60
jvyqjfw72ze1ncj,30
jvyqjfw72ze1ncj,35
ddqwqkeedkbh94g,30
qh5cnr77tq2zu7j,35
qh5cnr77tq2zu7j,57
qh5cnr77tq2zu7j,13
cfq5efagcec9z4n,60
cfq5efagcec9z4n,13
i3q4p88rtqcrmzk,57
vdo9nydhnt8xfvu,35
x22o03oi8ma77pk,13
x22o03oi8ma77pk,33
8pe1m0a93icvltc,33
8pe1m0a93icvltc,71
pd9w2pbdg6ppklj,30
pd9w2pbdg6ppklj,33
pd9w2pbdg6ppklj,71
acpxdje8xzn3jp4,30
acpxdje8xzn3jp4,60
xtrpwwmr4s7w35t,35
xtrpwwmr4s7w35t,13
cz2qwzf30pcwmc1,35
cz2qwzf30pcwmc1,50
cz2qwzf30pcwmc1,43
opzazybfol49x6m,13
opzazybfol49x6m,43
r38rckf1m8686vc,35
r38rckf1m8686vc,13
r38rckf1m8686vc,33
r38rckf1m8686vc,71
bjqh74sl6xai2hz,23
0qtiih2ynexhrpo,33
0qtiih2ynexhrpo,57
pn47zech9m6grhd,35
l4fzzicpifvp8di,33
l4fzzicpifvp8di,35
ujoxj07guuedgyv,43
ujoxj07guuedgyv,50
mkq4b0j56fjmicv,30
mkq4b0j56fjmicv,60
cbbx63u239ljgmp,31
cbbx63u239ljgmp,71
7ckwbah63ya628x,71
e3yh815x8vf82oi,57
e3yh815x8vf82oi,33
qlsvax59pqeb6bn,35
qlsvax59pqeb6bn,44
on6zl3l9vg0qyyq,7
on6zl3l9vg0qyyq,8
on6zl3l9vg0qyyq,19
on6zl3l9vg0qyyq,27
a7i7zzprly7pmmj,13
a7i7zzprly7pmmj,30
a7i7zzprly7pmmj,33
js3ankvrh4sjmua,13
js3ankvrh4sjmua,31
vwte43gfwe5yet3,60
d7n031efszoevlt,18
tmq0xxb06lt3mhk,57
tmq0xxb06lt3mhk,71
lafr6118jwe8vju,13
lafr6118jwe8vju,30
i48a3kjg8ifsq6s,59
i48a3kjg8ifsq6s,35
roiyiruoblos6ae,35
gmz8h0384itbh0f,35
5bomdhb01isp81p,13
5bomdhb01isp81p,33
9hlxl3qzq6ds33c,43
9hlxl3qzq6ds33c,53
5bsjx8piml3u2gb,35
5bsjx8piml3u2gb,60
9ni9yqck4tdy63j,30
9ni9yqck4tdy63j,59
mdya2cpngakrylz,44
mdya2cpngakrylz,71
9lujw4lhge2x8oz,13
9lujw4lhge2x8oz,33
9lujw4lhge2x8oz,71
n3iiq7z4jtbq3ao,35
ybigovp3izg93cv,31
ybigovp3izg93cv,35
ybigovp3izg93cv,57
g6jw8dxf8zg5x88,44
g6jw8dxf8zg5x88,5
vmyhlcrhf8639bi,44
w6syijuyg6i3f6u,57
w6syijuyg6i3f6u,33
w6syijuyg6i3f6u,13
ye76z23ahqk7ro4,35
ye76z23ahqk7ro4,57
ye76z23ahqk7ro4,33
rnbo4wxycvtap6h,35
rnbo4wxycvtap6h,13
rnbo4wxycvtap6h,33
7yxpkdzd0s1zpyf,13
7yxpkdzd0s1zpyf,57
sm1ig1vymgt2wsr,35
sm1ig1vymgt2wsr,71
sm1ig1vymgt2wsr,30
x9gx4lhow7eciwz,18
x9gx4lhow7eciwz,28
x9gx4lhow7eciwz,71
ik13w0qkrtxnmb9,59
i2pfes4ebq4fapc,13
i2pfes4ebq4fapc,33
wgzklo5zkrgalda,44
wgzklo5zkrgalda,5
b33p36z5zgr170f,33
b33p36z5zgr170f,57
r2u12jk16g5j9s7,13
r2u12jk16g5j9s7,31
r2u12jk16g5j9s7,34
n1oqhzy74v589uo,35
2lmw99fptth1ke0,35
qzsi90xrv8qc04w,59
dm1mifa4wc4jssg,33
dm1mifa4wc4jssg,57
uliokyyzrtrcl69,33
uliokyyzrtrcl69,30
rfmlaav55b711p1,35
0eo9j3yxoxm4f9u,33
0eo9j3yxoxm4f9u,35
xz8vqa2pdtso6po,33
xz8vqa2pdtso6po,35
14f9s441t3f6ax1,35
14f9s441t3f6ax1,50
wb17srwetojjlyr,33
wb17srwetojjlyr,35
wb17srwetojjlyr,71
74iyt6zs620tav2,31
74iyt6zs620tav2,57
74iyt6zs620tav2,13
5mkvbrnzqim1y7a,33
szs2j2i214dq85v,35
szs2j2i214dq85v,44
r17kelly4t7cehh,33
r17kelly4t7cehh,74
apnuwg9h5qpiayp,33
apnuwg9h5qpiayp,71
zvukuef65ldg9ym,35
zvukuef65ldg9ym,50
tt1wl97fhnn5a4s,33
tt1wl97fhnn5a4s,57
hfkua5bftt1i1gu,44
5z92op3yvqadpiy,30
z57iqzs8ttl7b1k,13
z57iqzs8ttl7b1k,33
z57iqzs8ttl7b1k,71
6jd7obk7ji4lbw4,35
zbavqygx14mhcx5,33
zbavqygx14mhcx5,71
jsawpdhyfo7906j,30
jsawpdhyfo7906j,44
jsawpdhyfo7906j,71
0e5vbeoe011lsdk,30
oxuwpxi3v5y3url,43
oxuwpxi3v5y3url,60
0umiu1rdxajly6o,35
h6r8lxcw2ho24z8,5
h6r8lxcw2ho24z8,71
58x2m31mujwn2ds,13
58x2m31mujwn2ds,33
58x2m31mujwn2ds,71
et7pi2jnin7frzx,35
oqhu3ia2kb0his5,30
ubup3ru3ecypyw6,35
ubup3ru3ecypyw6,50
nubvtawpmjjgvu7,13
nubvtawpmjjgvu7,33
yvxrfuhvj72dhe7,33
yvxrfuhvj72dhe7,57
ncr12ncygwzy1tj,35
zpqpf0n3uturgrv,60
je9n9cdxojhfsye,30
je9n9cdxojhfsye,44
l2h6j510vy2r11e,30
l2h6j510vy2r11e,35
dm8amyow0vh24w6,35
dm8amyow0vh24w6,59
dm8amyow0vh24w6,30
s7exllmk1tmcxfm,35
s7exllmk1tmcxfm,59
s7exllmk1tmcxfm,74
0wzzdnks41m52ve,35
0wzzdnks41m52ve,60
0wzzdnks41m52ve,9
bqa95e1gfl23agb,35
bqa95e1gfl23agb,60
e7i9xvn5d08eko0,13
e7i9xvn5d08eko0,71
qgiyrpxeb05fisd,28
qgiyrpxeb05fisd,53
qgiyrpxeb05fisd,34
7azrqsyo1280ukg,13
7azrqsyo1280ukg,33
d3y1yjv2g5x4x09,35
uooeye3p605gdor,28
uooeye3p605gdor,71
uooeye3p605gdor,74
7am966jmm92uxzp,23
glzx5rigy98ffkr,33
glzx5rigy98ffkr,71
m2oobmidz797a2w,30
m2oobmidz797a2w,59
m2oobmidz797a2w,60
aqwo7ham91bfeul,57
aqwo7ham91bfeul,53
j8wivczvf8px0u0,59
go0ywjh393l0jm5,30
go0ywjh393l0jm5,44
go0ywjh393l0jm5,57
mypnbgb1fsnnk0a,59
mypnbgb1fsnnk0a,60
09oaby7wvsf4ry9,33
09oaby7wvsf4ry9,35
9ljyahdk8w04xga,23
hdk2c5cvu5nlhaa,35
ls8egl72e8uj1gv,13
ls8egl72e8uj1gv,60
5rv1orzv91cnhfw,59
y38wo72pb9dbw4q,35
y38wo72pb9dbw4q,13
y38wo72pb9dbw4q,43
rdszf4nxhhkdfyp,13
rdszf4nxhhkdfyp,71
76rndqu0bl4mzrb,33
76rndqu0bl4mzrb,57
dzg5z4jm7bg0gcr,71
9o0bf8t9sjllqlk,30
9o0bf8t9sjllqlk,59
d4v2t8ykhk43k82,35
d4v2t8ykhk43k82,71
l1qbtr8kn8t8f5l,30
l1qbtr8kn8t8f5l,71
xcdkzer8o29tl42,43
hzpqa8gpad1x7mz,33
hzpqa8gpad1x7mz,57
hzpqa8gpad1x7mz,59
m3wuziy24e7k3ld,33
m3wuziy24e7k3ld,60
m3wuziy24e7k3ld,71
f37kqm5x0l8li6u,30
f37kqm5x0l8li6u,35
u6ws2li4kvnxt6c,35
uxqnq5iqr3do76d,44
q9mazl1lyzjhson,33
q9mazl1lyzjhson,35
q94hs189uhq102r,33
q94hs189uhq102r,35
mfgeohrsz0hfxgc,44
tj88awp3feyr538,57
yn3kar593j2b1lm,13
yn3kar593j2b1lm,59
jmcecs4og39o74d,13
jmcecs4og39o74d,71
wc6mhxbhgqk6ysp,33
wc6mhxbhgqk6ysp,57
qop5sdhhpufz66v,35
qop5sdhhpufz66v,57
qop5sdhhpufz66v,13
1zsq4cxm7gkty8t,35
vxk0pmz40gf0hz0,44
om5fv4az5x4eu32,35
om5fv4az5x4eu32,60
ta18i5s30dwnm3m,35
ta18i5s30dwnm3m,44
i3iua4ffo320s2g,57
i3iua4ffo320s2g,33
lhtt5fghewqk9uy,44
w9galx5d4dm0udo,30
w9galx5d4dm0udo,35
yx7fu4yp9d0c445,7
yx7fu4yp9d0c445,8
yx7fu4yp9d0c445,19
yx7fu4yp9d0c445,27
ucbj5010c9wpj5h,44
hq1jmcek6s2qw6v,35
ph4m28ufdwsha2e,30
ph4m28ufdwsha2e,33
ph4m28ufdwsha2e,71
450sfx9h4y48wl8,35
450sfx9h4y48wl8,60
lsqnxdadsoppf1v,13
lsqnxdadsoppf1v,33
lsqnxdadsoppf1v,43
2pqukl3ql245jfw,35
2pqukl3ql245jfw,71
ok0tlyqtts6vg0q,35
ok0tlyqtts6vg0q,71
k4v2kyjpt7pjwq5,35
k4v2kyjpt7pjwq5,57
2fowt2sn5woeld8,13
2fowt2sn5woeld8,57
lazuhi4gl52ide6,43
lazuhi4gl52ide6,60
w1jh69iau9tugne,35
w1jh69iau9tugne,71
w1jh69iau9tugne,13
kuv9j4tj1rq73pr,13
az3toiudw8foo6p,30
az3toiudw8foo6p,35
x3xbffcj3amwwz1,44
h9ytlsw3uflqoub,59
zxxfllsgra0n25i,13
vk6yq7xazomjuhp,35
vk6yq7xazomjuhp,71
vk6yq7xazomjuhp,13
pw6ma2qsl4c8jun,74
pw6ma2qsl4c8jun,33
pw6ma2qsl4c8jun,71
pw6ma2qsl4c8jun,35
ekcyxmd6r13mh6o,13
ekcyxmd6r13mh6o,34
ekcyxmd6r13mh6o,71
5ao8fwnu2qpl5xf,57
00zytny8x4k65nc,30
00zytny8x4k65nc,44
kgtpesoq4702ck5,5
t2n662xtx8gef1h,35
kj1daafu3sibaqi,23
74uy5tdrj5g2k55,13
dabyulxptsyv3l2,30
tnfl8u3lahkoxav,30
tnfl8u3lahkoxav,60
h2bxosnwr9jssqo,13
h2bxosnwr9jssqo,71
lq1ga0oduemmgds,60
32s44m851ltsbnu,57
32s44m851ltsbnu,60
32s44m851ltsbnu,33
qn94v3ry6tm8vrp,35
qn94v3ry6tm8vrp,13
6ihzgqv2wg53bou,35
6ihzgqv2wg53bou,13
m6g3n2c2eybiz0y,35
m6g3n2c2eybiz0y,13
m6g3n2c2eybiz0y,33
lulxv0i5cwqsq7s,30
lulxv0i5cwqsq7s,35
9paqyswsxipygkh,35
dgls5z543q3viyq,30
dgls5z543q3viyq,44
pc9f14zh78fst6h,30
pc9f14zh78fst6h,35
tr1qu3kpz23m6jg,35
fqy4dpm1wlnc478,59
fqy4dpm1wlnc478,60
rb48zfttktfr7sq,35
k19h3z1ofm7wijx,13
k19h3z1ofm7wijx,30
us1x4gwz0ud1ih0,30
us1x4gwz0ud1ih0,35
0gi37ph509b1mxz,60
1fb4u6bunv0ui73,33
1fb4u6bunv0ui73,57
vt1ehyjqvfpkfuo,31
xva6h38vn2qiy2w,35
xva6h38vn2qiy2w,44
zhha5g0ph2qud8o,35
zkzeoy0ybuydkp7,13
zkzeoy0ybuydkp7,34
ibhqeubpif6khfg,35
ibhqeubpif6khfg,60
5gi64y1vwpkem2b,35
a9sk15ufl7jac04,35
a9sk15ufl7jac04,60
a9sk15ufl7jac04,44
gjdk4z87xsfrkar,30
2oxwe76p4ko9gm2,57
2oxwe76p4ko9gm2,13
2oxwe76p4ko9gm2,33
h13jbhkpfx4cj7j,33
h13jbhkpfx4cj7j,35
71rxkpnn0911a9f,34
71rxkpnn0911a9f,57
71rxkpnn0911a9f,13
vam9170dz8c207d,35
fcirunt4i2j1kuz,59
fcirunt4i2j1kuz,60
uk42ddvuyqxiq9q,59
uk42ddvuyqxiq9q,60
am0nal8x8ak0ovf,33
am0nal8x8ak0ovf,71
345d7yjkinr4vl8,33
345d7yjkinr4vl8,57
4gmobofw9fltve9,31
mb4m76zs2l44kc1,43
mb4m76zs2l44kc1,60
yq092p8fku4nkdh,57
yq092p8fku4nkdh,13
yq092p8fku4nkdh,33
bo2qa6gfe0tr1hh,13
bo2qa6gfe0tr1hh,33
crrtngniol48xnn,13
crrtngniol48xnn,33
crrtngniol48xnn,71
o6ftuwm1j0xfa62,33
o6ftuwm1j0xfa62,35
o6ftuwm1j0xfa62,71
5xjalrhr15ra4ub,33
5xjalrhr15ra4ub,60
kb42ukton38fpbn,13
tr5q6ohz06g4tzx,57
ckgplotdabdydex,30
ckgplotdabdydex,60
tc5z92395y95sel,35
tc5z92395y95sel,53
ifdyfnxdpzijx2g,33
ifdyfnxdpzijx2g,34
ifdyfnxdpzijx2g,35
14gn3m3may113zb,33
14gn3m3may113zb,50
14gn3m3may113zb,53
udlxd7gdzg5m83v,35
udlxd7gdzg5m83v,71
apmfns869ctvqk1,53
pamxefuoyoxrqus,35
pamxefuoyoxrqus,60
pamxefuoyoxrqus,30
du1vsjoub2n908r,74
du1vsjoub2n908r,35
du1vsjoub2n908r,53
8afffvyby5ga318,35
8afffvyby5ga318,5
bwhbbrz5wgk2zmd,35
bwhbbrz5wgk2zmd,13
bwhbbrz5wgk2zmd,33
lxb9a1bnf0d0s0k,13
lxb9a1bnf0d0s0k,33
lxb9a1bnf0d0s0k,57
e51ry9qt68hyfg7,60
e51ry9qt68hyfg7,13
e51ry9qt68hyfg7,35
sdi5wn3om79wo2m,71
71709c7kh41xl8c,35
vjrncygihj5smkn,44
vjrncygihj5smkn,5
30ixdve8pnydu50,7
30ixdve8pnydu50,8
30ixdve8pnydu50,19
30ixdve8pnydu50,27
iz89um2jkcbz5s4,23
iz89um2jkcbz5s4,53
u63q26aqh5hm42m,13
u63q26aqh5hm42m,60
gcsvyhq3ye0nkjf,59
l988l4lq9fjb13g,30
xioozuic27eycm5,13
xioozuic27eycm5,50
f4ut0w129tgamor,33
vc71qe27w79ma3c,35
wnpirozyupy7db9,35
z7tsublda0lj93i,33
z7tsublda0lj93i,57
qdcr0ttigmawpv3,35
qdcr0ttigmawpv3,57
1kcvxa65gturq4o,35
bbcf05sp0otsbr6,35
bbcf05sp0otsbr6,57
4hw07zp7eod2wqo,35
opv3q70xfz08gnd,35
opv3q70xfz08gnd,50
f840je4tjtjnwio,13
f840je4tjtjnwio,33
f840je4tjtjnwio,71
ujosn0cmd203mxa,35
ujosn0cmd203mxa,44
ixbbbt02gt57guv,35
76wjn5jwry03mhu,35
76wjn5jwry03mhu,44
mmjsk4l5sas83t7,44
c5dhnyxmb009602,35
aj4lh2o035c9w20,57
aj4lh2o035c9w20,15
aj4lh2o035c9w20,33
jg84zo0rotvomsf,35
u7xo2dj5l0pcrcy,44
yvhxapls0zblr3s,13
yvhxapls0zblr3s,57
pre4y0gnrshqogq,57
pre4y0gnrshqogq,13
pre4y0gnrshqogq,33
dqwcqigfxtk8dul,53
blpx0qgyfc7zw9h,60
elvvgfnye3nmber,30
elvvgfnye3nmber,35
o6klzfooil5qvn5,57
o6klzfooil5qvn5,13
o6klzfooil5qvn5,33
cg8s2016sf19u8p,33
cg8s2016sf19u8p,57
fm4gi2fu44vs2wk,5
m9d641464ldgzis,60
1mit0kb703av2lj,35
imms7hvcbcxifqk,50
imms7hvcbcxifqk,13
imms7hvcbcxifqk,15
yahpbnus5nqnxn1,60
3cl8lxtyz4oq1tt,35
2nqzaniq3tunys1,13
2nqzaniq3tunys1,33
bkwnwgi75yqk7zs,30
bkwnwgi75yqk7zs,35
d6nxz5npppuo1yt,35
d6nxz5npppuo1yt,60
d6nxz5npppuo1yt,30
18i2uxg269e57d4,35
83su0xjk0pr5h14,13
83su0xjk0pr5h14,71
h5vvjdp8h9fmexn,35
h5vvjdp8h9fmexn,60
h5vvjdp8h9fmexn,30
q2djdtsimexepcu,13
q2djdtsimexepcu,33
5xpkhs99erx3y89,30
5xpkhs99erx3y89,33
5xpkhs99erx3y89,57
0k8sq3thdkp4ug8,60
hk1n1mbfs65ksn1,15
hk1n1mbfs65ksn1,33
hk1n1mbfs65ksn1,59
fagbwu1mrk71sat,33
fagbwu1mrk71sat,57
ryyjmnesdw8up5l,74
ryyjmnesdw8up5l,35
ryyjmnesdw8up5l,53
2kyavecmhlds8qx,57
2kyavecmhlds8qx,13
2kyavecmhlds8qx,33
05u1p6gecz9juzo,35
ls84d0qcj6rcuq1,35
ls84d0qcj6rcuq1,57
84gr38bb1t8dnra,31
vn577ugb9diqxk1,31
vn577ugb9diqxk1,33
qf4sw58dkmn70hz,34
0qq6ahl47bwk7eb,35
0qq6ahl47bwk7eb,57
gxu6195iajn4bzt,30
gxu6195iajn4bzt,35
0kaee397yk6ou0e,30
0kaee397yk6ou0e,35
yjt1xncfw0wukln,33
yjt1xncfw0wukln,71
4q1eibx0we47yhk,57
4q1eibx0we47yhk,60
4q1eibx0we47yhk,30
4q1eibx0we47yhk,33
wf0ul1orqi5m940,35
wrqntnqyx2vhs7v,13
wrqntnqyx2vhs7v,57
wrqntnqyx2vhs7v,33
43sultn2fajty7a,35
43sultn2fajty7a,71
eczcxjor4mx3y2c,35
eczcxjor4mx3y2c,13
rxg1rnfy9m736q3,33
rxg1rnfy9m736q3,57
5mjbhi1kqh1ytk1,57
5mjbhi1kqh1ytk1,13
5mjbhi1kqh1ytk1,33
m0gjz15r0yh4530,13
m0gjz15r0yh4530,57
v3obqqj0prpvpet,13
v3obqqj0prpvpet,33
v3obqqj0prpvpet,59
in4bn58hl78gjy5,13
in4bn58hl78gjy5,33
in4bn58hl78gjy5,59
cz3xrrh4apzn2o1,30
cz3xrrh4apzn2o1,43
h813xfe6xno14nr,35
oesitw7dajrcifs,44
u5oo06fzr9p8btb,13
u5oo06fzr9p8btb,71
keupp5sxcs53vlc,35
90ono2pk2blgqwd,33
90ono2pk2blgqwd,57
m1stj7u5bwq95ns,35
wcuqxhr4knw402g,13
wcuqxhr4knw402g,33
grjcgko5nv4h4zc,30
grjcgko5nv4h4zc,35
tk8rb24s5sx9p4u,33
tk8rb24s5sx9p4u,71
mwm409ja36avjgp,13
mwm409ja36avjgp,33
mwm409ja36avjgp,59
7z297b6f8oz934b,13
7z297b6f8oz934b,33
7z297b6f8oz934b,60
mcqoehmc4431vti,35
mcqoehmc4431vti,13
txfzw2twpsablfe,33
txfzw2twpsablfe,71
g8bnihxduftz082,33
g8bnihxduftz082,60
ufdohoj5cgdsy1v,43
ufdohoj5cgdsy1v,60
0ecr4yh8umz2sha,35
vjy6qqj7sv5qldi,8
vjy6qqj7sv5qldi,11
vjy6qqj7sv5qldi,27
ksy2b78cqqyh3ix,30
ksy2b78cqqyh3ix,35
7p6lgztb38ciaam,35
18pf7tkubw5qbs7,13
18pf7tkubw5qbs7,33
zff3rbiabrc5efu,35
fd82s211yo89qfi,35
fd82s211yo89qfi,71
fd82s211yo89qfi,43
87lrosxr1yta375,33
87lrosxr1yta375,57
28udvm8peomw5hi,35
28udvm8peomw5hi,60
9nusty9mp1fxxeo,60
yv6u69cgb9m7a79,35
q2vw7kszrhwwask,33
q2vw7kszrhwwask,71
w2kmu8dgn83qups,30
u4f89xlbq16zfjy,30
u4f89xlbq16zfjy,71
fzigceu8ir3k1bg,34
hhg3z4i1crzuhg2,35
mhmtum2yxj7j2ss,13
mhmtum2yxj7j2ss,33
3hzdypb3ot6tmb0,33
3hzdypb3ot6tmb0,44
3hzdypb3ot6tmb0,71
3uwlg4lu3sh1ikj,43
3uwlg4lu3sh1ikj,60
x23zg4esairrz1c,35
ybw9v4qv6j3vdwn,35
luke12y3zia8yfo,59
l7pdmejyd9ixdb7,60
uiu4a0bfw9gkkpb,33
uiu4a0bfw9gkkpb,57
gu60xakyjp8dtgk,30
8w1oda40j0vkiwo,33
8w1oda40j0vkiwo,57
8qnkzzkra33x9sn,35
8mu3e3rak26jutg,23
m49iooz6xjgnvjr,13
m49iooz6xjgnvjr,30
m49iooz6xjgnvjr,34
r4bi7ga6fd7yovx,30
r4bi7ga6fd7yovx,44
exf40pjax1d0fpo,35
edpitqdue7x1va1,35
rcqyceserheukav,30
rcqyceserheukav,44
1xkt2qwl4wyrkj3,35
894j2j6zagv8ey4,13
894j2j6zagv8ey4,71
qa25uv4tu7zyjhi,35
qa25uv4tu7zyjhi,44
19cmdhoz884prco,44
1brqtzqu9nlb626,60
tnyyu0gfhdyby46,74
tnyyu0gfhdyby46,35
tnyyu0gfhdyby46,50
ihuqf8aftjchpw6,65
ihuqf8aftjchpw6,15
6wy9yo6kifjh02e,35
pemjme4yodqg3gu,35
pemjme4yodqg3gu,13
q3g93qv1cemzmn1,33
q3g93qv1cemzmn1,57
ugr1y9sr4qi4uea,31
ugr1y9sr4qi4uea,57
4roq6m9nkh99xpu,35
1j8pgt06svz2735,33
1j8pgt06svz2735,57
lr0lom27dsdy9g2,33
lr0lom27dsdy9g2,60
g374rqfz31x2vr7,35
77supmdwa2u31t3,35
77supmdwa2u31t3,71
bgznk8efc9jbpt3,13
bgznk8efc9jbpt3,44
g2xmzogs1890cf6,13
g2xmzogs1890cf6,50
g2xmzogs1890cf6,60
p6hfxhe3kh4ggld,35
g327ynn2eboikof,33
g327ynn2eboikof,57
4huihrcxu6nvc1x,30
4huihrcxu6nvc1x,44
t4b7n992uaz4hi1,60
lg7cgeun8f09agt,13
lg7cgeun8f09agt,33
10et2ubcbvxq9mo,13
10et2ubcbvxq9mo,15
10et2ubcbvxq9mo,71
m9lol19qbc3jiay,60
xkppl685xgiz2bb,35
4cstv1wbfhdcwd6,35
4cstv1wbfhdcwd6,44
kctrump6hkn5u4f,50
kctrump6hkn5u4f,60
9s4nshuplyrj1li,35
ei52veosuyas2li,35
ei52veosuyas2li,71
edwoou1vt6764cb,57
edwoou1vt6764cb,13
edwoou1vt6764cb,33
tki82u7x0ebp4ta,35
wmg7xfht2c65kkn,35
wmg7xfht2c65kkn,13
xfbopppqn90fq4l,57
xfbopppqn90fq4l,13
xfbopppqn90fq4l,33
du52uqfuci82vcf,13
du52uqfuci82vcf,33
wxtul0rd2jwvl2m,35
lhe85mcrkwpi92f,33
lhe85mcrkwpi92f,35
0cu0vc7p24ahgsq,23
0cu0vc7p24ahgsq,53
a29li4iy9bol5vx,74
a29li4iy9bol5vx,35
a29li4iy9bol5vx,53
fataqofbrg3l7y8,35
fataqofbrg3l7y8,71
99azug621o9nyur,60
e2ou7uh8vxr19ld,33
e2ou7uh8vxr19ld,57
kp28qbw7t2xnpbr,60
mazbjdjohaj4s2z,35
pd2tf2fwbheeg7v,35
zss5pd5ai01kf4v,74
zss5pd5ai01kf4v,35
zss5pd5ai01kf4v,53
38xcbltlha1bxak,35
38xcbltlha1bxak,13
tozq3ocxm4tnxmp,30
9j1o06drqfsqbwh,35
9j1o06drqfsqbwh,60
2cxoeduk8id9hlf,35
m6gyifxlx7zj6p0,23
2hns6cwjwijw7cq,35
dl5ypas79qu61um,33
dl5ypas79qu61um,53
dl5ypas79qu61um,57
ucr8ih2v86a22yt,33
ucr8ih2v86a22yt,71
kxu4rqer0pv37ko,35
kxu4rqer0pv37ko,13
9yvpkrbyyzyu5ix,44
2l3ng8hkmhwy9ao,23
oikktticjeulkdt,44
pcwetsd9pmmroio,57
w49lch3e0fgtnc3,33
w49lch3e0fgtnc3,60
coo4nrqxo0iru10,33
coo4nrqxo0iru10,71
mj8qml4x7d80r7x,57
0qoarswaom7cfu4,44
0qoarswaom7cfu4,5
yrbho2yi4iqtisl,35
2w0n7vwp4l18dj4,35
rd3wwe5qn8ezvqi,23
rd3wwe5qn8ezvqi,35
b2pixeeer5smlvv,33
l89judshi2ojr97,35
mc6hrtw9cjj8wwq,23
c5o6rkf5q2pc2f6,35
77mnuidmyfuyr5d,35
5ok7kcoif1avn8c,13
ilxub56zliyg1vw,33
ilxub56zliyg1vw,60
ilxub56zliyg1vw,71
monjejfu4hom10n,35
ahsfol4rlzypt3e,30
uehlxz1l1pk10hn,35
uehlxz1l1pk10hn,60
87h71uq2p55brm3,30
87h71uq2p55brm3,44
nokb498oigzqa2f,60
kbwm7iwjhwxp2we,60
t2ba472ebgp8ikk,35
t2ba472ebgp8ikk,13
t2ba472ebgp8ikk,33
cbn4rthd9ejzl8n,53
xumudvzjaautu6q,30
xumudvzjaautu6q,44
2p4s4dmyfn6q0nh,33
t5ntjxd9qg3b6gy,13
t5ntjxd9qg3b6gy,60
skgqxqsq2uiylee,35
skgqxqsq2uiylee,44
4mci8h0vpsd8peu,13
4mci8h0vpsd8peu,44
4mci8h0vpsd8peu,60
odjgm9zt6yn104e,60
8tdh5ttykqm9y65,33
8tdh5ttykqm9y65,57
v8bv26nhy1dks1y,60
lng45wpn04d5mki,33
lng45wpn04d5mki,57
jo3cpdky93amp9u,33
jo3cpdky93amp9u,57
zo4i9kdsgs84twu,65
zo4i9kdsgs84twu,44
ljqyatp1ld1ntkr,35
swooh860oqardw8,35
swooh860oqardw8,44
rr4c2oha3uv61ae,53
exig8ey73tboouz,35
exig8ey73tboouz,13
exig8ey73tboouz,33
73t4niilskxom1p,11
73t4niilskxom1p,9
s3u0uz36g3s2a28,35
s3u0uz36g3s2a28,57
0zfvm8f4o1isbg1,35
0zfvm8f4o1isbg1,44
7win5sc9fgdl11z,44
6dypzbjwcdovtjd,30
6dypzbjwcdovtjd,33
6dypzbjwcdovtjd,60
ycyf0eg8qkroxrp,33
ycyf0eg8qkroxrp,71
i547kshtw285pnz,59
n5p05pn65gyqdct,28
n5p05pn65gyqdct,12
zx5pd5zbkdiebcq,35
jmkd3oxjnao8ixj,35
jmkd3oxjnao8ixj,71
jmkd3oxjnao8ixj,30
vqcrfwe72ief1nm,35
x3mi4vxo3e8z3yb,53
x3mi4vxo3e8z3yb,59
c4c8vgv33u0b5rl,35
c4c8vgv33u0b5rl,13
c4c8vgv33u0b5rl,33
sccitre5pp800uc,44
clej3sshz22xg19,35
kotdhba6by0q3bf,35
kotdhba6by0q3bf,44
0vl60i78k9w8qoe,35
0vl60i78k9w8qoe,44
wt2ko9mlf02fryc,35
ssz38t7jxki2ahj,35
ssz38t7jxki2ahj,60
ssz38t7jxki2ahj,13
cojjinwv7myueh1,57
cojjinwv7myueh1,13
cojjinwv7myueh1,33
49ol79x9fu7sjrp,35
49ol79x9fu7sjrp,71
jzlxtdawrpcvsui,33
smr5eh1p3iqyj3e,35
smr5eh1p3iqyj3e,13
smr5eh1p3iqyj3e,30
ob3s7wye28tf0c6,35
l8yeq8hadkbh258,33
l8yeq8hadkbh258,57
pz9nim110g6rdfy,35
8szu83s4qj0z4o0,13
cqyom1alkttm7bf,33
cqyom1alkttm7bf,60
cqyom1alkttm7bf,71
2nxq8blqxlcs9kt,31
11a8mcofjd6c2rh,35
11a8mcofjd6c2rh,44
jpsxhvkup9ves18,30
jpsxhvkup9ves18,59
7z6r2ttxucgry3j,33
7z6r2ttxucgry3j,57
q22xttucp95iwpb,33
q22xttucp95iwpb,57
dqvsnjaq1z0anaq,35
qepaqd0ehm1c2wu,35
6ozal9rvwxpouvd,13
6ozal9rvwxpouvd,33
272o2s3pkvl37u8,13
272o2s3pkvl37u8,33
se3xv3fctvnj50x,57
6lp65bwzj5eo3e6,44
432204o0d8j3rnu,30
432204o0d8j3rnu,35
kd7sd8mpyq2j2nn,33
kd7sd8mpyq2j2nn,57
48lzwkmt58gb1pd,44
h5ejeuovhhq5pq5,33
h5ejeuovhhq5pq5,57
et6nakemqib5m2l,60
23aqenmkex9t32k,60
y8qu9f8n19viijw,33
y8qu9f8n19viijw,44
y8qu9f8n19viijw,71
1s2410mb9n67mfa,60
9d2wr6l2d1o7d5z,35
i1gn0pip7crglcn,57
i1gn0pip7crglcn,59
rbkmc7ci3e5mqdo,35
8cl3tfpw1k0hei1,35
p4shire2jdpfxpj,35
8ufe8nnbe1h85gk,33
8ufe8nnbe1h85gk,57
8xcawqzxvuchjso,57
8xcawqzxvuchjso,13
8xcawqzxvuchjso,33
mdtejgvnhvm9i1m,13
mdtejgvnhvm9i1m,43
mdtejgvnhvm9i1m,50
gam3y5luf0yp8be,30
l6sbyahngnqf03u,30
l6sbyahngnqf03u,35
uzqbbmxhbxrzjh0,13
uzqbbmxhbxrzjh0,33
3udwgbjzd6l7ruw,13
3udwgbjzd6l7ruw,33
wxs44c83knpaneq,35
wxs44c83knpaneq,71
oqfunraay7h7g5u,33
oqfunraay7h7g5u,57
ipyt80um6hrpcpu,30
5pat6irkz1zcbem,30
5pat6irkz1zcbem,33
5pat6irkz1zcbem,60
1b4rfk13s84xu48,35
1b4rfk13s84xu48,57
904fz08zp629q2g,7
904fz08zp629q2g,11
904fz08zp629q2g,60
uuq9mnshy9ubjd5,35
wicl987c39zqmkh,33
wicl987c39zqmkh,57
m8ietfuvm3l1xmd,13
m8ietfuvm3l1xmd,44
0oz35ubum0d0wrd,35
ur2onmorn44awnd,35
pkazflvu90q9dsq,31
pkazflvu90q9dsq,34
w0nbxlyqmc6clnc,33
w0nbxlyqmc6clnc,57
fr3iyjjgnk32euk,13
5ki0btzt134j9az,33
5ki0btzt134j9az,71
1uy8ewxjs0ap65k,35
6gqbvcv6jzqw77s,65
6gqbvcv6jzqw77s,60
q6ft642ca7hgmpr,35
q6ft642ca7hgmpr,44
6iodmv2s8zohu18,35
unct2s8n0sosuof,31
unct2s8n0sosuof,33
unct2s8n0sosuof,57
teo0ek7ei33lgd3,60
ga2lomwwwvh5rxt,60
0ci2guo4k6dj9ni,30
0ci2guo4k6dj9ni,33
0ci2guo4k6dj9ni,57
jmhknz6p1ecrjok,33
jmhknz6p1ecrjok,57
uu064nxjvubmpk0,12
uu064nxjvubmpk0,18
h5tv4p8g9k1ec22,35
h5tv4p8g9k1ec22,44
4hl6rfvstkaa4e5,44
3y6abbkem5xzkj8,35
1tmzxch1ap1i9bm,35
xzht5i6sepmgnml,33
zfvxl2ox1962zjg,13
zfvxl2ox1962zjg,33
b1anlz3ahwh3fqo,44
ks4qgq6273lt5py,60
ap33ff8muhvj4jr,53
s04twr7jsk59twc,44
s04twr7jsk59twc,71
j5isy9cmx7e5r17,44
ozxonwisw8kmtke,30
ozxonwisw8kmtke,33
ozxonwisw8kmtke,71
5rqcpmml8d93z94,35
6pynhvmnupcehtc,9
ofyr4te0v2ykvik,60
6uq11z9ep4fj3vl,60
hp6xc4to1ytnkof,33
hp6xc4to1ytnkof,57
71ffyb5kxhl1feq,44
ktvs6vxq5b5i3y9,60
rr57uvmizpiqd67,35
rr57uvmizpiqd67,60
rr57uvmizpiqd67,30
264viwbl9bwu5q9,13
264viwbl9bwu5q9,44
qensnlal3c2pe3q,35
60px23bfxlissoj,60
60px23bfxlissoj,35
pyks5d9hn5j6plc,18
pyks5d9hn5j6plc,53
pyks5d9hn5j6plc,60
35uoff7amjq6uy0,30
35uoff7amjq6uy0,35
0qvb8vzfzs8hv9c,13
0qvb8vzfzs8hv9c,60
hc4xyiqorrxul73,35
hc4xyiqorrxul73,60
ej8c68i8us7h1va,60
ff8gwhoafxcojuz,30
ff8gwhoafxcojuz,35
0mwp8l0cg4azsyy,60
z2nggbm0uafk2wa,35
z2nggbm0uafk2wa,44
z815w0i978vt1bh,35
z815w0i978vt1bh,60
z815w0i978vt1bh,44
prx8eje3t5q99mm,33
prx8eje3t5q99mm,57
7iprg7cb998vrwr,59
9whl6jewdl4i11d,11
9whl6jewdl4i11d,60
cna8dlk8kzztn41,35
cna8dlk8kzztn41,60
cna8dlk8kzztn41,44
xqljtsla9qxj037,35
xqljtsla9qxj037,60
xqljtsla9qxj037,44
g586qeg4d3bc2pm,35
l04yo553nhn1rca,33
l04yo553nhn1rca,57
8ke57ytm8knfd6b,33
8ke57ytm8knfd6b,57
izkiu4p8jljjjvk,33
izkiu4p8jljjjvk,57
2bpo1jdxbenanku,44
2bpo1jdxbenanku,35
ogxz9kzyz1zg25b,35
ev3ro3h6en4vmp5,33
y3tkkyeb8f1scjh,30
paymx43zepwxjm8,60
40il182wi67eaqp,60
pa30u7uyb8lj6rh,35
wmkqej1hmw62zk5,43
wmkqej1hmw62zk5,60
5z4eqc3o2imlcqa,35
5z4eqc3o2imlcqa,43
soyi9h00v0i2u67,35
q2nm4czgpuw76ka,44
uadn1c9dburqhd8,35
uadn1c9dburqhd8,53
1vopmg6vm19rsni,44
wgs7jlesnbj53rd,7
wgs7jlesnbj53rd,11
wgs7jlesnbj53rd,60
kxbh8mn8lqt66g2,35
v3qmzely1mvcn9i,35
hiwb1z5qopcyior,35
hiwb1z5qopcyior,44
4tohd6zvnip5odc,33
4tohd6zvnip5odc,57
w3z4ez4e6ym8l49,35
th0f3ia0w6izyus,30
v96i06spy7rngs7,23
uxczmobn4fzsi0m,33
uxczmobn4fzsi0m,57
dl1dp4ceev1gstj,13
dl1dp4ceev1gstj,44
chf6xpzjwewttr3,30
chf6xpzjwewttr3,44
qvtsec5fgqi6fij,9
qvtsec5fgqi6fij,11
qvtsec5fgqi6fij,60
uh40xbtmyudvxl3,60
qoy263ioaan7g0e,30
ergz5e3zync9jt2,43
ergz5e3zync9jt2,60
mvc7etmp0qsi89x,35
mvc7etmp0qsi89x,60
mvc7etmp0qsi89x,13
tgw3f9cgf1kjriq,44
r2u2zm8mgyejszu,35
9y1p6nqbhm2fe7o,44
piqxaj51j697rkt,35
piqxaj51j697rkt,60
piqxaj51j697rkt,13
jwrzd1p21t18wuu,44
wr5uwohgi6mtjae,30
wr5uwohgi6mtjae,44
fifserh0g9lpnvc,31
f5lbnl5db7qb580,13
5tf8ykr37vo69et,59
flc7sr1740jqy0c,60
izzhgoy2bctltv6,13
izzhgoy2bctltv6,30
izzhgoy2bctltv6,34
1v1ohco9iveos9e,44
mheldsnut21ohut,30
mheldsnut21ohut,44
mheldsnut21ohut,71
uqm4ypu0zrkwrzj,30
uqm4ypu0zrkwrzj,35
1eega68m6a2k08c,35
miow4bptrglbbon,35
miow4bptrglbbon,13
nkpyzsr9vmu90wg,35
jf64qiurmubuoq4,23
bwqi91iqu0jcm3w,10
bwqi91iqu0jcm3w,11
qgyjuhw6cl7i130,13
v3ahv9tmgwosl37,35
v3ahv9tmgwosl37,5
foveeuzkyrg7jv7,33
foveeuzkyrg7jv7,71
gftb5mr5zb4n9a9,35
kyi2zjl2647q2be,35
kyi2zjl2647q2be,44
q84tu73o73en361,30
q84tu73o73en361,33
q84tu73o73en361,57
h61r5n878yd5e5t,23
dle2xjvom9kbri8,35
q39u3prav0hakut,23
q39u3prav0hakut,35
31031mm61nktc0m,23
31031mm61nktc0m,53
vjgbb0d3z0dfvcu,35
6pnj579h402jj1m,30
6pnj579h402jj1m,44
6pnj579h402jj1m,71
q6hn9d4npc525xt,35
j9j0tgpss02qg39,57
6hi7jj4a2d13gkx,60
iramil8svqb9kbf,31
iramil8svqb9kbf,34
9n6g3bdgru8g17v,13
9n6g3bdgru8g17v,30
9n6g3bdgru8g17v,34
hejm3vrxgnu2rlc,33
hejm3vrxgnu2rlc,57
otdkie2isu1h5h8,10
otdkie2isu1h5h8,11
0zxhp1lkk94ad30,35
s2erzf1p38yrzni,60
rqj3oduhqgkmxba,60
mhe543ueb6yognu,43
mhe543ueb6yognu,60
uvej07768fpyeu9,43
aqdpad4sophmwmh,35
aqdpad4sophmwmh,53
1s59jfxyl3gql31,13
1s59jfxyl3gql31,57
727svzatiemfj2x,35
727svzatiemfj2x,60
727svzatiemfj2x,30
aj5o1l8zjhv7etb,33
aj5o1l8zjhv7etb,57
1c649pqidecllze,35
1c649pqidecllze,5
cufn7zb56qb2fby,60
bb7jounypjm8dwd,57
bb7jounypjm8dwd,13
bb7jounypjm8dwd,33
uagxf65tyk7amgm,33
uagxf65tyk7amgm,71
ohgk6y0qcx0w5p5,44
u72btta1lac7t6g,35
io9yz8zz2itnsew,33
io9yz8zz2itnsew,35
w44r23kw9ljdyyp,35
w44r23kw9ljdyyp,60
w44r23kw9ljdyyp,13
2yvbvhgaq8ctz32,53
2yvbvhgaq8ctz32,5
7d8pewhl60n7jbd,30
7d8pewhl60n7jbd,59
80yxlsuq5pxurlq,33
80yxlsuq5pxurlq,57
y6cv70z00o6a8m2,33
y6cv70z00o6a8m2,57
6eavchny0o21tia,30
6eavchny0o21tia,59
6eavchny0o21tia,60
hv6qafmje5lq582,23
hv6qafmje5lq582,35
dufyuei43211elz,33
dufyuei43211elz,60
dufyuei43211elz,71
0ykhnsfwi8vaz4i,35
i17zdvmwhlrpz6q,60
fe8m2ck4utqem0k,35
fe8m2ck4utqem0k,60
fe8m2ck4utqem0k,30
qc90q46hxjwafag,44
wuidvryvbvpq814,71
haxrlup75wddk5g,59
x0ltc9qnko89th2,30
x0ltc9qnko89th2,33
u9t7hdza9cvushl,35
quyjl8xv7n5vqrb,44
9lmz99xuczth7ry,35
9lmz99xuczth7ry,30
9lmz99xuczth7ry,44
kqigw4r6dshzz5n,13
kqigw4r6dshzz5n,33
qxg26imsv0wtrss,35
bwjz1tr8hgjt8yw,34
bwjz1tr8hgjt8yw,71
lb92s08vz5geyhu,35
lb92s08vz5geyhu,53
lb92s08vz5geyhu,30
j5bg9y07afo2sp1,35
rfgkivnu2k0ylyb,33
rfgkivnu2k0ylyb,60
rfgkivnu2k0ylyb,71
wdcwob1r75eedxi,60
m1w0lxz5okp36s4,35
0cy575rjpxoeu61,13
0cy575rjpxoeu61,60
4l4sp64wdia7ny8,60
boamxckisncwexs,35
boamxckisncwexs,71
hyeg0kuopccwl8b,33
hyeg0kuopccwl8b,57
nsym3part2hv7ld,60
c54ev1zwn5p2eb1,33
c54ev1zwn5p2eb1,57
lhfss37h65plq2x,60
586gdjhkv4ngmgd,74
586gdjhkv4ngmgd,35
586gdjhkv4ngmgd,53
gkvdkxuaepreo2m,13
gkvdkxuaepreo2m,59
a24mcr96k48aeu9,35
si4pjcry0938esg,35
wbi4lp0sl11pt7a,33
wbi4lp0sl11pt7a,57
69tc05qe77vdi2y,30
zibiqf2kykyzkr6,60
cimwd96mct1uq6b,33
cimwd96mct1uq6b,60
i58gbmk1yndux8c,23
7e385twecsrp5d3,33
7e385twecsrp5d3,60
wxfqqi007886obg,44
udqfni7dwdkdt70,35
udqfni7dwdkdt70,57
le9vdcwotmc8qqr,35
c9hi46vxnx77bkb,33
c9hi46vxnx77bkb,57
fzx9t272mzejxx6,13
fzx9t272mzejxx6,33
yz1oam6pn1xmj9t,35
w72wqzjcw8uxijt,35
w72wqzjcw8uxijt,60
cdqwuqpxtiquzz3,35
cdqwuqpxtiquzz3,13
2df281hsq0mnae7,44
pqd8onvspoiw24u,33
pqd8onvspoiw24u,57
ylavsczt3yn4quy,23
1ykla3dnxjgag8g,60
43a8jprykgss1it,60
v9mknemcl8sia5m,74
v9mknemcl8sia5m,35
v9mknemcl8sia5m,53
yevumqleqbgihrp,35
yevumqleqbgihrp,13
ryp7ezrze45hw6i,44
vtivtiq6tmaojet,33
vtivtiq6tmaojet,57
bzwbfogviwklmlo,74
bzwbfogviwklmlo,35
bzwbfogviwklmlo,53
9fgk1jzj5n01hma,53
8dq5atw2lte0tfn,60
8bxxv2t4wsvkl6m,35
w8yxncfnqnljt6b,33
w8yxncfnqnljt6b,35
s8zzy1iqflfmu9q,44
7sn4yjfuz730dt6,35
7sn4yjfuz730dt6,60
7sn4yjfuz730dt6,13
dpnj9gqvml66tq4,23
b432eg28s87f5p8,23
b432eg28s87f5p8,35
b5b501ob0npvocr,60
tk1y1g67qs2zafs,33
tk1y1g67qs2zafs,35
m6e36y38iwdtbx8,12
m6e36y38iwdtbx8,65
a3cr27p20acj7ms,23
a3cr27p20acj7ms,35
4vzudrrru0v91wp,57
4vzudrrru0v91wp,13
4vzudrrru0v91wp,33
zdzo7jqxr4uvcjh,60
ecd06kqaqs9te4i,44
w7cib0n3i81hd6q,35
w7cib0n3i81hd6q,13
ejdwxbkw8p7q3ko,35
feuy7gwbvk0a5p1,35
feuy7gwbvk0a5p1,60
feuy7gwbvk0a5p1,13
0p8jy6mfznla0aw,44
i6ztb86ztc26ri7,33
i6ztb86ztc26ri7,57
xpz2xu5ituqygm2,35
xpz2xu5ituqygm2,23
13re7k05z1t6b1p,35
13re7k05z1t6b1p,57
s4zusns75ylge5a,35
s4zusns75ylge5a,60
s4zusns75ylge5a,13
lk34bbjniysk41a,33
lk34bbjniysk41a,57
wc73ikus18i9wm7,31
wc73ikus18i9wm7,34
y6kkuii3fcsyzwz,74
y6kkuii3fcsyzwz,35
y6kkuii3fcsyzwz,53
cngva81rdw5b2sw,35
ap4uhs7v3uoolve,23
ap4uhs7v3uoolve,35
psf0o0n6gxcjq3m,60
sil8p038h3hthpd,35
4gvc8o90bogomvh,35
iv7q92u3vspbb6e,35
iv7q92u3vspbb6e,60
iatciy3zx6euxfz,35
iatciy3zx6euxfz,71
pwqmto0ly4vxmrf,35
tu9pg41hpdd7rq1,30
tu9pg41hpdd7rq1,35
xwub38d5sn35hke,23
ferei7nnu4crck9,35
qdjowsj7h7nf1l8,60
nyxfmnz4lm59qz2,44
9215meesa4q0m2k,60
58a6vfkk119ihzc,53
ixswwqounky6ljo,13
ixswwqounky6ljo,44
4zl9sawfxvx8mut,23
89xh503efusv1xq,35
ghrqe2kn31155tn,74
ghrqe2kn31155tn,35
ghrqe2kn31155tn,53
4p10d7cilzonxbc,44
4p10d7cilzonxbc,71
bwmqbxt6mkp8b42,35
k90upa3p7e134q3,44
zk2apezuzr2du42,33
zk2apezuzr2du42,57
cr2h05boq98no1n,35
5n2lnpamfl14923,35
5n2lnpamfl14923,13
fqbm8xkyfsuxjh7,33
fqbm8xkyfsuxjh7,57
qw6b1fadm18jpmr,33
qw6b1fadm18jpmr,57
t3mbe3r3j8au5xs,30
t3mbe3r3j8au5xs,35
9k5y1aij5q6id4h,23
cxfzlchx74egw5y,35
cxfzlchx74egw5y,57
dn8165m7dsmz65f,35
dn8165m7dsmz65f,57
0ajd4gsjoufyje1,33
0ajd4gsjoufyje1,57
q71y0jincch9a65,35
0x9f2l7gum3sbj8,35
0x9f2l7gum3sbj8,60
8x0tsy08i8m5gug,35
8x0tsy08i8m5gug,50
jcmm4wtllrpolim,74
jcmm4wtllrpolim,35
jcmm4wtllrpolim,53
s0z6faudot2adoc,23
s0z6faudot2adoc,53
mmgowdl01xcnz23,33
mmgowdl01xcnz23,57
kh2z3ryu1llzs9w,33
kh2z3ryu1llzs9w,71
5ridxu3hgp3uipa,74
5ridxu3hgp3uipa,35
5ridxu3hgp3uipa,53
bodrz7qgph2mplr,53
xlgjjhlnb7q30xu,60
slasa96uplx0myh,35
slasa96uplx0myh,60
oeumrq4cl65k3h2,30
oeumrq4cl65k3h2,33
286vuymzp0bvolj,33
286vuymzp0bvolj,57
ptjtbopne0uvcsg,60
13by5p03h9fnfie,60
hsac5f0iqzra0pl,44
b1v5iy053dtf3k8,71
r88pdwue7mquue7,60
ouf9a0601tiexsy,35
zcvyxzaq7fksa3y,35
zcvyxzaq7fksa3y,44
jye92pufaaq3fvr,33
jye92pufaaq3fvr,71
yndxod8yrn2yp4m,35
yndxod8yrn2yp4m,60
yndxod8yrn2yp4m,30
nua16x3bsqtsmyt,44
f4jbin9hf69l8d2,60
4jevm2t6ee2vspc,13
4jevm2t6ee2vspc,44
l2rekzf22cmg329,33
l2rekzf22cmg329,71
mw1ru6dibdqe53c,23
s1rh268oro7uo8c,30
s1rh268oro7uo8c,44
nrdq63qdesxxvnd,35
nrdq63qdesxxvnd,44
ax6140raa86y9za,60
fik1oh3ni1lqtbo,60
3pefmxd5ubt1omu,60
o305xm87dow1o6j,60
e3h18m27lxftpyo,35
e3h18m27lxftpyo,71
k5xayc5kvfz4laa,60
44s99g56m8sp658,33
44s99g56m8sp658,57
fgvzo9c628mdd15,33
fgvzo9c628mdd15,57
zmn317gbmfldio8,33
zmn317gbmfldio8,57
tk3anhnbwweipfm,30
tk3anhnbwweipfm,33
tk3anhnbwweipfm,35
nqbc4jg3mscq2b5,28
nqbc4jg3mscq2b5,28
k1c99o8395wcddv,35
k1c99o8395wcddv,60
k1c99o8395wcddv,30
30374sliyuzxg6m,44
30374sliyuzxg6m,60
w3yvgpn0hlea9hc,35
w3yvgpn0hlea9hc,71
yfarpxy5tv2eoth,35
syzshykd2l61g4j,35
syzshykd2l61g4j,60
phdveh4l16eaonj,44
phdveh4l16eaonj,59
ug20xje2k1ueg8n,35
ug20xje2k1ueg8n,60
ug20xje2k1ueg8n,30
8uvj446cwvfyqfg,35
d3zy3h72wm67mu9,13
d3zy3h72wm67mu9,60
85ws84qlvk4hejz,60
gy0oxgtiz3vudhj,60
93zwpw0ugsuovmh,35
vwyx6unkx9kytav,60
7opgmf9vmbdcbu1,10
7opgmf9vmbdcbu1,11
gk0xkebd2keqmh1,35
n0h73rggh1m2tsk,35
n0h73rggh1m2tsk,60
n0h73rggh1m2tsk,30
dvqi5kw768ayse1,23
dvqi5kw768ayse1,53
9uzlr16d82f0gef,35
9uzlr16d82f0gef,60
9uzlr16d82f0gef,30
qocjuj915asaexv,35
jscsr92k16z03ta,35
24h5ukuiicweiit,35
xrhgcbs8vchw6o2,35
oduylf96schr6ce,35
oduylf96schr6ce,71
hknmxhv34qii4o0,35
hknmxhv34qii4o0,44
bv4ksstk6j91sbj,35
bv4ksstk6j91sbj,57
q9c7kpgry623h59,60
zjbhkhzmf5eqrie,35
zjbhkhzmf5eqrie,71
djg5wh5izb8td8g,35
djg5wh5izb8td8g,44
1nx4dcrhqgqjibp,35
jvjsmfymdpk151d,35
jvjsmfymdpk151d,44
bozjrfj3oocs0t0,44
z8wnkmp2n4jyyji,23
z8wnkmp2n4jyyji,53
ozq3fih3howyni3,13
ozq3fih3howyni3,57
ilfv04rj3s0t68e,60
f9ftjy7repojj4j,35
f9ftjy7repojj4j,30
f9ftjy7repojj4j,44
2brv52nocnk46rl,35
2brv52nocnk46rl,60
y5m4nzi31nwr6jt,35
jj0egpbcrg3zkvo,28
jj0egpbcrg3zkvo,57
yplgzqtl7991g9g,35
abcvl4ekck8ov03,35
bkgr23ixigue23f,33
bkgr23ixigue23f,57
7l6nspv2y6fqvcl,35
za8l63fk6t3wjk7,60
6xn8j1a5ee9j0ev,57
6xn8j1a5ee9j0ev,13
6xn8j1a5ee9j0ev,33
2ju73s504b8gxx4,35
73vg1id3ifndiy4,44
nsw42914r9tbt6d,44
vipzjddgmxp2e25,35
vipzjddgmxp2e25,71
5xvc2gtn2s9mf43,13
5xvc2gtn2s9mf43,33
5unc96xpyw838vt,60
lek65108jsrrl4p,35
hp08xfzyacveun6,44
0xcdaz6hbhaacon,35
4x3nwp3vdj3swva,44
mfyd80kzei436y7,33
v78mvhukcdb4m6d,35
u0ae6bix0kt4lag,13
u0ae6bix0kt4lag,34
lqq620btdscncwi,30
n3qdp4j4qh39h7j,35
75ly4e6byzt3jdk,35
eruda43t4yvxxx5,33
eruda43t4yvxxx5,57
ah9btl2q75qm71m,35
6zy6op0os81q0gm,35
xn302bf86vzy139,28
uoyeytqjl25zfyr,33
uoyeytqjl25zfyr,57
51xtxj98fl70bel,13
51xtxj98fl70bel,33
eelw1ht2rj5z66k,23
2as2jt49skzixjq,60
es1cd8tfwbhc50m,23
es1cd8tfwbhc50m,53
iteevv3orfr22it,33
movj0t928nc1w8v,35
movj0t928nc1w8v,44
do9n7u9ssryk2t4,35
do9n7u9ssryk2t4,13
9tg48xlvp2rjssv,35
9tg48xlvp2rjssv,13
98o6m42is63etn3,57
98o6m42is63etn3,13
98o6m42is63etn3,33
4239zjr5qfeimdv,35
tfcw5vh2f0t1aw7,31
tfcw5vh2f0t1aw7,35
wb23y61zgr19hn8,33
wb23y61zgr19hn8,57
nvaj06cswye3rv0,35
dz695wt0o1052s2,35
hspj1p1lk40jmsz,35
4vmbduvtp9ngwd8,5
ajokdchnr9m63dn,5
dji4z7tljyw6p74,33
dji4z7tljyw6p74,13
1w4vw0hh3y5uzzj,35
0gsf9fytppje54d,13
0gsf9fytppje54d,50
gdediavpdtda4ix,30
3wrqtny2h07vppd,71
3wrqtny2h07vppd,35
xptya2oad94ytc7,30
9v37jarptnxi8n1,57
9v37jarptnxi8n1,44
qyqaod1cfohr8st,50
qyqaod1cfohr8st,33
qyqaod1cfohr8st,13
0913mhn6zhnk66b,30
q4rgjg6eklhr4vk,57
q4rgjg6eklhr4vk,13
q4rgjg6eklhr4vk,33
jfbpaa29anw39mw,57
jfbpaa29anw39mw,13
jfbpaa29anw39mw,33
nk7kmvv2n30p4wg,13
nk7kmvv2n30p4wg,33
nk7kmvv2n30p4wg,50
9s78r4tcdp4uxq9,60
9s78r4tcdp4uxq9,33
gfjzjo0ea0f5oqn,13
tk0zxq4ahcvhzlx,35
tk0zxq4ahcvhzlx,30
91ekf8i4watxc1p,30
91ekf8i4watxc1p,71
u8lo72y7utap84t,33
7s5vctchzm87gd3,30
j74t36ys0phnqqp,35
7phtjz7q03995kj,71
7phtjz7q03995kj,60
o1550gzahixfttn,33
b3knn4a1tnm563n,35
mk73hooklkuvben,33
mk73hooklkuvben,53
mk73hooklkuvben,57
9ao5ktcwkukrrwf,5
yxui695p6qx2ve9,13
yxui695p6qx2ve9,33
yxui695p6qx2ve9,50
yxui695p6qx2ve9,74
28873gbzywoo4wk,35
ja10abb9zeyempn,23
03yb5t68r4bcqv7,23
lgoty81x6m41mgb,44
w2zfxfwp076nnqj,35
w2zfxfwp076nnqj,44
zwf52gewjiqeyp5,33
zwf52gewjiqeyp5,71
24kgviqcdjtw7pp,50
bkhqhzxff8pcz3r,23
bkhqhzxff8pcz3r,53
6y9bm67kaej4f0k,44
6y9bm67kaej4f0k,35
oixnfl2vdqkakjg,13
haeofcc29f8643e,35
8rpgf2mtt1hnox0,13
ss99st4hy261a1h,33
3lriily11h16j01,35
3lriily11h16j01,44
psigi8ihauekx1d,13
psigi8ihauekx1d,33
psigi8ihauekx1d,50
cmoglv3quzv0mdh,33
cmoglv3quzv0mdh,35
fomucuh4rmgh4yn,35
61763qcsehdek23,35
lp7n9hjirt1b2ig,44
lp7n9hjirt1b2ig,35
n845812mqzji6l1,13
n845812mqzji6l1,33
4iskjyeeqsnp96t,13
4iskjyeeqsnp96t,71
a37vwo4h7x6fq4t,71
a37vwo4h7x6fq4t,13
zggrxgnh8mh65q9,13
zggrxgnh8mh65q9,35
vp6vlv7unf3wklf,13
vp6vlv7unf3wklf,35
t7g9pxpo29ln1z7,30
t7g9pxpo29ln1z7,5
3qpalo6ldy0i4bf,13
0s8n49g3g1rv1oz,33
0s8n49g3g1rv1oz,43
0s8n49g3g1rv1oz,50
u3r3qhz2icswkw1,13
u3r3qhz2icswkw1,33
o28lfr4elqppz6q,33
o28lfr4elqppz6q,57
nb6qdw8oqenitel,33
nb6qdw8oqenitel,53
nb6qdw8oqenitel,57
xhuchai0qv1s0gy,35
723r25fjgikd9sx,33
723r25fjgikd9sx,57
sxefpdm2mfcl9ia,33
sxefpdm2mfcl9ia,57
sxefpdm2mfcl9ia,53
3lgno5rnllkxq6o,57
8vdu7i5hr7anq5q,71
8vdu7i5hr7anq5q,33
enj7gj9pcksq89p,43
enj7gj9pcksq89p,13
enj7gj9pcksq89p,33
ndfmfsbsd9ze9h3,13
ndfmfsbsd9ze9h3,50
2n1vcn2rkwhwk9r,53
2n1vcn2rkwhwk9r,13
2n1vcn2rkwhwk9r,33
lu77bwdkrljadjh,13
lu77bwdkrljadjh,33
k1xzca6a00hvp3e,57
k1xzca6a00hvp3e,33
q9rnef1akt3hnr4,34
q9rnef1akt3hnr4,57
dzrw32cutvxpp5n,33
3z6qv5f3u6hskkf,35
3z6qv5f3u6hskkf,13
js9fagan63bd20f,13
js9fagan63bd20f,33
js9fagan63bd20f,57
uxunyl0y8m6ey0r,57
uxunyl0y8m6ey0r,31
uxunyl0y8m6ey0r,13
aycnrm6qo5c7c3r,13
aycnrm6qo5c7c3r,57
aycnrm6qo5c7c3r,33
47g5ytgl5rfww1v,13
47g5ytgl5rfww1v,33
27x0w9do8023nl8,13
27x0w9do8023nl8,57
27x0w9do8023nl8,33
hltqkvue99k69s6,35
hltqkvue99k69s6,13
vojtgtwylk5vnnu,35
vojtgtwylk5vnnu,13
orsngdbqr8tjrc4,35
orsngdbqr8tjrc4,13
zk0m444wppgof6d,35
zk0m444wppgof6d,13
q04woxrqlq1epef,35
q04woxrqlq1epef,13
2n4rnivcdb9xvm1,13
2n4rnivcdb9xvm1,33
2n4rnivcdb9xvm1,57
7yayjotme6x7max,53
7yayjotme6x7max,33
7yayjotme6x7max,13
6ndwl1jhy0th700,13
6ndwl1jhy0th700,33
tp898eh9tmdd3d9,35
8nw0d18461epaxc,57
sdp001eiq1mqalx,57
sdp00168cpwhcn1,57
sdp00168cpwhcn1,13
sdp0012vw7i5v8i,57
sdp00142zt69mux,13
sdp0016ijjdxs7z,57
sdp001bs95q1hps,13
sdp001cbaaixph3,43
sdp001d40bxgzfn,13
sdp0010xc84i5fq,13
sdp0019p1xg48w7,57
sdp001jaa041d82,57
sdp00199yfpun5r,13
sdp001eaa7o8uz6,57
sdp0011piqea1qi,13
sdp0017yl4kaita,43
4rttzrttg27gvof,30
4rttzrttg27gvof,44
sdp00198almc14q,13
sdp0019vzcl5k5k,13
sdp0018gal4fxml,13
sdp0013c6qgzp75,13
sdp001difpy79fl,57
sdp0018tg97zhu4,43
sdp0010hrmxifp8,13
sdp00124im9ru30,57
sdp0019hyt0hqh4,57
sdp001j4qxjtgro,13
sdp00195fkqilx9,57
sdp00195fkqilx9,13
sdp0014r0f5odj8,13
sdp0010pivtrmx9,57
sdp00117wl0hemt,13
sdp0012ckbauag7,13
sdp001adgziqvqi,13
sdp001b50wfen90,13
sdp001ajaz5l9wk,13
sdp0012bxukl31k,57
sdp0013gjeadooe,13
sdp0010zb1jxum8,31
sdp001bgamkiuhm,13
sdp0012j36p4vah,57
sdp001ncdu2xt7g,57
sdp001893lq3z5m,57
sdp001893lq3z5m,13
sdp001dmcl99nu5,57
sdp001akezxdu5t,13
sdp0016y0hn9999,35
sdp0015zlg8ue69,13
sdp0018o3pxc91w,57
sdp0018o3pxc91w,13
sdp001p8zxzzrq1,57
sdp00179snecodg,57
sdp00179snecodg,13
sdp0011iypz25pz,13
sdp0019irynmv0k,13
sdp0010kr79wcpl,13
sdp001517qd0wmc,13
sdp00174mx56svh,57
sdp001tria2d4sh,13
sdp001vlr3esqey,13
sdp0011wcdqy022,57
sdp0011wcdqy022,31
sdp00145bpbetd8,57
sdp0013xf12j4ia,57
sdp0010hkanv526,57
sdp0018wcbpcsgr,57
sdp0018u479g8h6,57
sdp00175roe22nt,13
sdp001c2mr0k14z,57
in1fr2gazju36fh,30
sifd2an7kx2h9h8,74
sifd2an7kx2h9h8,33
hvaed7hei6jdskw,33
hvaed7hei6jdskw,50
a7red88y4nwhbka,50
a7red88y4nwhbka,33
jg2a5feze5bryj2,13
jg2a5feze5bryj2,30
jg2a5feze5bryj2,35
cprcla1zm78jvhx,30
zowhuqn2hvz7x5l,30
b3ti67njizugq9t,33
b3ti67njizugq9t,35
b3ti67njizugq9t,71
58o9efmmfi5ps21,33
v6j9bhzyqdte3md,57
v6j9bhzyqdte3md,53
cdyxm5g1gim4c4a,13
cdyxm5g1gim4c4a,30
cdyxm5g1gim4c4a,35
ivp7tg370jly0s8,30
ivp7tg370jly0s8,44
8l5t2tcgb8yc08v,30
8l5t2tcgb8yc08v,34
3em70u8sry4lew9,33
cmvie6e03mwb89r,13
cmvie6e03mwb89r,30
cmvie6e03mwb89r,35
xi5a9z55qs7tx3k,30
5wiuorx70i3vdqb,35
5wiuorx70i3vdqb,30
mq4at8jbjx8zd1k,30
mq4at8jbjx8zd1k,35
jnsdmju32u93uuk,35
jnsdmju32u93uuk,59
6pbo5sfnjadq2r1,30
wcslnjvtpivrvvu,35
ci8ts7nhtkjpai2,35
ci8ts7nhtkjpai2,59
59vej1oyhgyncda,35
59vej1oyhgyncda,30
9yedt59rt71oavn,23
7tr0snbbxb7rmre,35
ftkqogti5jszz3n,57
ftkqogti5jszz3n,35
sdp001b0xxc9iie,13
sdp0017g50plcxb,13
sdp001d9xrrvb7u,43
sdp001baw0cpubl,13
sdp00156zlchqkc,44
sdp0010tlk36unp,57
sdp001a7noqlo2u,13
sdp001ae53vhgjz,35
sdp0013wi7hskli,57
sdp001d47niftt7,13
sdp001ryg1tvly1,57
sdp0014h48v11qa,13
sdp001824nz6i7e,57
sdp0019s2s0ok3h,57
sdp001bkpsoa0k9,43
sdp001g1u9lltqk,57
sdp001pog0sadym,43
sdp001c00emwgsx,13
sdp0014pkm4iumn,43
sdp0010h6b8g73o,13
sdp001cvcsnsr92,71
sdp00114q8ax3az,57
sdp0015o1emy848,43
no9o5a9psl9gkcx,50
g0ov7e6lhn5qzp4,33
g0ov7e6lhn5qzp4,43
g0ov7e6lhn5qzp4,50
sdp001ae30fgj3o,57
sdp001cuovesg9c,57
